Customer ID,Total_Sales,Total_Orders,Last_Order_Date,First_Order_Date,Average_Order_Value,Customer_Lifetime_Days,Recency_Days,Purchase_Frequency,Estimated_CLV,Risk_Score,Risk_Level,Retention_Strategy
AA-10315,5563.56,5,2018-06-29,2015-03-31,1112.712,1186,184,1.5387858347386172,5136.676391231029,75.58480637436762,High Risk,Targeted Re-engagement
AA-10375,1056.39,9,2018-12-11,2015-04-21,117.37666666666668,1330,19,2.4699248120300754,869.7346240601506,-15.373195045112784,Low Risk,Maintain Relationship
AA-10480,1790.5120000000002,4,2018-04-15,2015-05-04,447.628,1077,259,1.3556174558960077,1820.4369916434543,115.57973804271124,High Risk,Targeted Re-engagement
AA-10645,5086.935,6,2018-11-05,2015-06-22,847.8224999999999,1232,55,1.7775974025974026,4521.2612215909085,8.819773729707792,Medium Risk,Engagement Campaign
AB-10015,886.156,3,2017-11-10,2015-02-18,295.38533333333334,996,415,1.099397590361446,974.2377710843376,196.31117654216868,High Risk,Targeted Re-engagement
AB-10060,7755.62,8,2018-11-06,2016-09-18,969.4525,779,54,3.748395378690629,10901.673812580231,-12.664288549422338,Low Risk,Maintain Relationship
AB-10105,14473.570999999998,10,2018-11-19,2015-12-20,1447.3570999999995,1065,41,3.4272300469483565,14881.277225352109,-16.74855591455399,Low Risk,Maintain Relationship
AB-10150,966.71,5,2018-11-19,2015-03-05,193.342,1355,41,1.3468634686346863,781.2158302583025,6.875122147601476,Medium Risk,Engagement Campaign
AB-10165,1113.838,8,2018-12-05,2015-11-16,139.22975,1115,25,2.618834080717489,1093.858843049327,-13.907112575784756,Low Risk,Maintain Relationship
AB-10255,914.532,9,2018-07-17,2015-07-22,101.61466666666666,1091,166,3.010999083409716,917.8850045829516,52.706432164986246,High Risk,Targeted Re-engagement
AB-10600,1515.862,4,2018-11-10,2015-11-18,378.9655,1088,50,1.3419117647058822,1525.6147886029412,11.27575939522059,Medium Risk,Engagement Campaign
AC-10420,925.8,3,2018-05-12,2015-07-12,308.6,1035,232,1.0579710144927537,979.4695652173912,105.224395942029,High Risk,Targeted Re-engagement
AC-10450,5527.846,7,2018-12-19,2015-10-31,789.6922857142856,1145,11,2.2314410480349345,5286.455344978165,-17.871701549344976,Low Risk,Maintain Relationship
AC-10615,2537.686,5,2018-12-24,2016-09-15,507.5371999999999,830,6,2.198795180722892,3347.91104819277,-19.65753401686747,Low Risk,Maintain Relationship
AC-10660,657.316,5,2018-03-23,2015-10-15,131.4632,890,282,2.050561797752809,808.7202471910114,120.33263797303373,High Risk,Targeted Re-engagement
AD-10180,6106.88,8,2018-12-01,2015-11-19,763.36,1108,29,2.6353790613718413,6035.228880866426,-13.060836389891698,Low Risk,Maintain Relationship
AF-10870,2052.908,7,2018-11-19,2016-12-06,293.27257142857144,713,41,3.5834502103786816,3152.782973352034,-15.965058698457224,Low Risk,Maintain Relationship
AF-10885,861.565,4,2017-11-10,2015-05-10,215.39125,915,415,1.5956284153005469,1031.0531967213117,191.33750520765028,High Risk,Targeted Re-engagement
AG-10270,2582.898,5,2018-03-27,2015-05-13,516.5796,1049,278,1.7397521448999047,2696.1614013346043,121.06324627073404,High Risk,Targeted Re-engagement
AG-10300,367.548,4,2018-09-03,2015-04-26,91.887,1226,118,1.1908646003262642,328.2749265905383,47.02569901141925,High Risk,Targeted Re-engagement
AG-10330,660.972,5,2018-12-22,2017-08-03,132.1944,506,8,3.6067193675889326,1430.3643083003951,-32.35326653754941,Low Risk,Maintain Relationship
AG-10390,200.945,5,2018-09-07,2015-04-19,40.189,1237,114,1.475343573160873,177.87774858528698,42.21098871867421,High Risk,Targeted Re-engagement
AG-10495,1419.247,7,2018-10-13,2016-01-04,202.74957142857144,1013,78,2.522211253701876,1534.1317522211257,13.471061112537017,Medium Risk,Engagement Campaign
AG-10525,1455.038,4,2016-09-07,2015-08-09,363.7595,395,844,3.696202531645569,4033.58635443038,384.23125741265824,High Risk,Targeted Re-engagement
AG-10675,3489.0396000000005,7,2018-09-24,2016-05-07,498.4342285714287,870,97,2.936781609195402,4391.377427586207,18.25390842252874,Medium Risk,Engagement Campaign
AG-10765,170.584,4,2018-10-14,2015-09-17,42.646,1123,77,1.3000890471950133,166.3307925200356,25.465843369545865,Medium Risk,Engagement Campaign
AG-10900,4510.797,10,2018-09-25,2015-07-23,451.0797,1160,96,3.146551724137931,4258.036823275861,15.682875393965515,Medium Risk,Engagement Campaign
AH-10030,1744.7,7,2018-12-18,2015-04-22,249.2428571428572,1336,12,1.9124251497005988,1429.9749251497008,-13.41024648203593,Low Risk,Maintain Relationship
AH-10075,3250.337,10,2018-11-26,2015-11-16,325.0337,1106,34,3.300180831826401,3218.009959312839,-16.64541031012658,Low Risk,Maintain Relationship
AH-10120,1735.514,7,2018-10-31,2015-07-18,247.93057142857143,1201,60,2.127393838467944,1582.3379100749378,8.409594033305577,Medium Risk,Engagement Campaign
AH-10195,1587.452,4,2018-11-05,2016-03-05,396.863,975,55,1.4974358974358974,1782.8307076923077,12.169074884102564,Medium Risk,Engagement Campaign
AH-10210,4805.344,9,2018-12-24,2015-11-29,533.9271111111111,1121,6,2.9304192685102586,4693.890883140053,-27.242970861730598,Low Risk,Maintain Relationship
AH-10465,2495.3916,5,2018-05-14,2016-01-03,499.07832,862,230,2.117169373549884,3169.900002320185,93.19432626403712,High Risk,Targeted Re-engagement
AH-10585,738.504,4,2018-12-09,2015-10-26,184.626,1140,21,1.280701754385965,709.3525263157894,-2.448888049122807,Low Risk,Maintain Relationship
AH-10690,7888.294,12,2017-11-15,2015-04-02,657.3578333333334,958,410,4.572025052192067,9016.369446764093,157.47647558872652,High Risk,Targeted Re-engagement
AI-10855,4375.786,10,2018-12-17,2015-04-28,437.5786,1329,13,2.746425884123401,3605.33158013544,-21.685325157261097,Low Risk,Maintain Relationship
AJ-10780,4867.344,7,2018-10-16,2015-01-10,695.3348571428571,1375,75,1.8581818181818184,3876.175767272727,18.142946664727276,Medium Risk,Engagement Campaign
AJ-10795,4501.391,7,2018-07-17,2015-05-14,643.0558571428571,1160,166,2.202586206896552,4249.15788362069,60.12430635431034,High Risk,Targeted Re-engagement
AJ-10945,1829.896,6,2018-08-31,2015-03-03,304.98266666666666,1277,121,1.7149569303054033,1569.096413469068,43.03661141425215,High Risk,Targeted Re-engagement
AJ-10960,629.2479999999999,3,2018-10-17,2015-09-14,209.7493333333333,1129,74,0.9698848538529672,610.2981045172719,27.179091840566876,Medium Risk,Engagement Campaign
AM-10360,814.012,5,2018-12-02,2015-10-06,162.80239999999998,1153,28,1.582827406764961,773.0643018213354,-1.982886928013878,Low Risk,Maintain Relationship
AM-10705,5664.022,8,2018-07-21,2015-10-31,708.00275,994,162,2.9376257545271627,6239.541338028168,50.37583418712274,High Risk,Targeted Re-engagement
AO-10810,161.28,1,2017-08-16,2017-08-16,161.28,1,501,1.0,483.84,240.403232,High Risk,Targeted Re-engagement
AP-10720,545.932,6,2018-11-19,2015-03-03,90.98866666666667,1357,41,1.6138540899042004,440.52729550479,4.273353641857036,Medium Risk,Engagement Campaign
AP-10915,3323.556,10,2018-09-23,2015-08-23,332.3556,1127,98,3.23868677905945,3229.1870629991126,15.967294796805676,Medium Risk,Engagement Campaign
AR-10345,1055.694,4,2018-09-10,2015-12-30,263.9235,985,111,1.482233502538071,1173.5887614213198,40.44294722233503,Medium Risk,Engagement Campaign
AR-10405,2236.128,5,2018-08-27,2015-10-03,447.2256,1059,125,1.7233238904627006,2312.143682719547,44.804332358829086,High Risk,Targeted Re-engagement
AR-10510,264.86400000000003,5,2018-12-16,2015-05-02,52.97280000000001,1324,14,1.3783987915407854,219.0529305135952,-6.827798501510573,Low Risk,Maintain Relationship
AR-10540,6608.448,6,2018-12-24,2015-11-25,1101.408,1125,6,1.9466666666666668,6432.222720000002,-17.75311121066667,Low Risk,Maintain Relationship
AR-10570,88.15,1,2017-07-14,2017-07-14,88.15,1,534,1.0,264.45000000000005,256.94711,High Risk,Targeted Re-engagement
AR-10825,4523.336,8,2018-11-02,2015-06-30,565.417,1221,58,2.3914823914823917,4056.554398034398,4.273865205569208,Medium Risk,Engagement Campaign
AS-10045,3050.692,7,2018-10-03,2015-07-27,435.8131428571429,1164,88,2.1950171821305844,2869.8520103092787,21.4758577766323,Medium Risk,Engagement Campaign
AS-10090,3255.31,9,2018-12-02,2015-09-22,361.7011111111111,1167,28,2.814910025706941,3054.4682519280204,-14.75999390745501,Low Risk,Maintain Relationship
AS-10135,58.82,2,2018-11-19,2017-11-13,29.41,371,41,1.9676549865229112,173.60619946091646,0.7887288948787038,Medium Risk,Engagement Campaign
AS-10225,4260.784,5,2018-12-08,2015-10-18,852.1568,1147,22,1.5911072362685266,4067.618552746294,-5.724596073234524,Low Risk,Maintain Relationship
AS-10240,503.968,5,2018-06-21,2015-03-15,100.7936,1194,192,1.5284757118927972,462.1817085427135,80.62280653936348,High Risk,Targeted Re-engagement
AS-10285,3214.236,6,2018-12-11,2017-05-21,535.706,569,19,3.8488576449912126,6185.568400702989,-30.225690130052723,Low Risk,Maintain Relationship
AS-10630,833.398,7,2018-09-29,2015-08-01,119.05685714285714,1155,92,2.212121212121212,790.1045974025974,23.72076695930736,Medium Risk,Engagement Campaign
AT-10435,1166.072,5,2018-12-09,2015-12-27,233.2144,1078,21,1.6929499072356216,1184.4608905380337,-6.666391250463822,Low Risk,Maintain Relationship
AT-10735,3831.864,10,2018-12-17,2015-08-30,383.1864,1205,13,3.029045643153527,3482.0672863070536,-24.48686988879668,Low Risk,Maintain Relationship
AW-10840,649.376,4,2018-12-10,2016-04-13,162.344,971,20,1.5036045314109163,732.3035221421214,-5.182506018537589,Low Risk,Maintain Relationship
AW-10930,2852.968,7,2018-11-14,2015-07-14,407.5668571428572,1219,46,2.0959803117309272,2562.75632485644,1.527645617719441,Medium Risk,Engagement Campaign
AY-10555,497.014,4,2018-12-16,2015-04-06,124.2535,1350,14,1.0814814814814817,403.13357777777776,-3.89544153037037,Low Risk,Maintain Relationship
AZ-10750,1622.0179999999998,6,2018-07-23,2015-03-17,270.3363333333333,1224,160,1.78921568627451,1451.070024509804,61.81762913235294,High Risk,Targeted Re-engagement
BB-10990,744.3399999999999,5,2018-09-16,2015-07-27,148.868,1147,105,1.5911072362685266,710.594856146469,36.44680866608544,Medium Risk,Engagement Campaign
BB-11545,6765.728,9,2018-12-02,2016-06-05,751.7475555555556,910,28,3.6098901098901095,8141.178197802196,-23.72713673846153,Low Risk,Maintain Relationship
BC-11125,2933.676,9,2018-06-11,2015-07-06,325.964,1071,202,3.0672268907563027,2999.4166386554625,69.72784776470588,High Risk,Targeted Re-engagement
BD-11320,5718.521,12,2018-11-27,2016-05-31,476.5434166666666,910,33,4.813186813186813,6881.077467032967,-33.00808362527472,Low Risk,Maintain Relationship
BD-11500,4411.243,6,2018-11-25,2015-02-01,735.2071666666666,1393,35,1.572146446518306,3467.560003589375,1.0850235340990655,Medium Risk,Engagement Campaign
BD-11560,320.54,2,2018-03-27,2016-05-30,160.27,666,278,1.0960960960960962,527.013963963964,127.93363624624624,High Risk,Targeted Re-engagement
BD-11605,2783.189,6,2018-09-24,2015-01-13,463.8648333333333,1350,97,1.6222222222222222,2257.475522222222,31.82628267333333,Medium Risk,Engagement Campaign
BD-11620,1538.11,6,2018-10-22,2015-06-30,256.35166666666663,1210,69,1.8099173553719008,1391.925991735537,16.122441247933885,Medium Risk,Engagement Campaign
BD-11635,582.646,3,2018-12-21,2015-10-05,194.2153333333333,1173,9,0.9335038363171356,543.9022762148338,-4.943818818414324,Low Risk,Maintain Relationship
BD-11725,1526.5,6,2018-09-28,2016-07-03,254.41666666666663,817,93,2.680538555691555,2045.9210526315792,19.28543023255813,Medium Risk,Engagement Campaign
BD-11770,658.466,6,2018-02-06,2017-03-10,109.74433333333332,333,327,6.0,1975.398,103.1049204,High Risk,Targeted Re-engagement
BE-11335,4204.676,5,2018-09-02,2017-01-15,840.9352000000001,595,119,3.0672268907563023,7738.017176470589,27.28012765714286,Medium Risk,Engagement Campaign
BE-11410,2261.438,5,2018-09-23,2017-02-07,452.2876,593,98,3.0775716694772344,4175.842512647554,17.389114802698145,Medium Risk,Engagement Campaign
BE-11455,748.026,5,2017-09-05,2016-08-02,149.6052,399,481,4.573934837092732,2052.8533082706767,194.35008096741856,High Risk,Targeted Re-engagement
BF-10975,599.798,7,2018-09-30,2015-07-14,85.68542857142857,1174,91,2.176320272572402,559.4368057921636,23.624909913117545,Medium Risk,Engagement Campaign
BF-11005,1333.88,4,2018-11-21,2015-09-25,333.47,1153,39,1.2662619254119687,1266.7810928013878,6.584024527320036,Medium Risk,Engagement Campaign
BF-11020,2888.506,8,2018-10-17,2015-02-15,361.06325,1340,74,2.1791044776119404,2360.3836343283583,14.736878497014926,Medium Risk,Engagement Campaign
BF-11080,272.95,3,2018-12-05,2015-11-28,90.98333333333332,1103,25,0.9927470534904804,270.9703082502267,2.5183354034451484,Medium Risk,Engagement Campaign
BF-11170,5907.972,11,2018-12-14,2015-04-13,537.0883636363636,1341,16,2.9940343027591347,4824.182953020134,-22.905179618195373,Low Risk,Maintain Relationship
BF-11215,1585.162,4,2018-10-26,2015-11-09,396.2905,1082,65,1.3493530499075783,1604.2073844731976,18.685628024029576,Medium Risk,Engagement Campaign
BF-11275,791.9899999999999,3,2018-11-03,2015-03-22,263.9966666666666,1322,57,0.8282904689863843,655.9977685325264,20.08589575642965,Medium Risk,Engagement Campaign
BG-11035,2798.948,8,2018-12-02,2015-11-05,349.8685,1123,28,2.6001780943900266,2729.1612288512906,-12.547613189670525,Low Risk,Maintain Relationship
BG-11695,1874.172,6,2018-11-24,2015-05-11,312.362,1293,36,1.6937354988399071,1587.1758236658934,0.7452098468677494,Medium Risk,Engagement Campaign
BG-11740,1006.356,6,2018-11-03,2015-03-23,167.726,1321,57,1.6578349735049205,834.1860862982589,11.754813047691144,Medium Risk,Engagement Campaign
BH-11710,6255.351,8,2018-12-07,2015-06-09,781.918875,1277,23,2.2866092404072043,5363.828774471417,-12.438858158966326,Low Risk,Maintain Relationship
BK-11260,659.1379999999999,6,2018-10-14,2015-08-03,109.85633333333332,1168,77,1.875,617.941875,19.626411625,Medium Risk,Engagement Campaign
BM-11140,11789.63,4,2018-02-26,2015-09-08,2947.4075,902,307,1.6186252771618626,14312.244844789357,134.4512982594235,High Risk,Immediate Retention Campaign
BM-11575,808.162,6,2018-09-21,2016-09-15,134.69366666666667,736,100,2.975543478260869,1202.3605842391305,20.00409310054348,Medium Risk,Engagement Campaign
BM-11650,7294.185,11,2018-11-27,2015-07-09,663.1077272727273,1237,33,3.245755860953921,6456.857376717866,-17.248930084882787,Low Risk,Maintain Relationship
BM-11785,1338.842,10,2018-05-26,2015-06-06,133.88420000000002,1085,218,3.364055299539171,1351.181557603687,75.08921069308755,High Risk,Targeted Re-engagement
BN-11470,265.296,4,2018-12-06,2015-09-12,66.324,1181,24,1.2362404741744284,245.9772396274344,-0.4116001896697703,Medium Risk,Engagement Campaign
BN-11515,1459.344,5,2018-12-21,2015-03-17,291.8688,1375,9,1.3272727272727274,1162.168494545455,-9.005160971636364,Low Risk,Maintain Relationship
BO-11350,2682.728,5,2018-08-15,2017-01-03,536.5456,589,137,3.0984719864176573,4987.414533106962,36.51779722920204,Medium Risk,Engagement Campaign
BO-11425,130.83,2,2018-10-16,2016-09-10,65.415,766,75,0.9530026109660574,187.021997389034,27.932569490861617,Medium Risk,Engagement Campaign
BP-11050,983.42,5,2018-10-08,2015-10-12,196.684,1092,83,1.671245421245421,986.1217032967032,24.59032144688645,Medium Risk,Engagement Campaign
BP-11095,2442.044,12,2018-12-13,2015-06-07,203.50366666666665,1285,17,3.408560311284047,2080.9635642023345,-26.00179582568094,Low Risk,Maintain Relationship
BP-11155,1697.861,6,2018-10-02,2016-06-04,282.97683333333333,850,89,2.5764705882352943,2187.2444647058824,18.29784522470588,Medium Risk,Engagement Campaign
BP-11185,3675.861,9,2018-12-29,2016-03-24,408.429,1010,1,3.2524752475247527,3985.215638613861,-32.8217956029703,Low Risk,Maintain Relationship
BP-11230,1181.49,5,2018-11-21,2015-04-20,236.298,1311,39,1.3920671243325706,986.8280320366134,5.38196315026697,Medium Risk,Engagement Campaign
BP-11290,2475.157,7,2018-12-18,2015-10-03,353.5938571428572,1172,12,2.1800341296928325,2312.5400298634813,-16.26284930290102,Low Risk,Maintain Relationship
BS-11365,10501.653,5,2017-06-20,2015-05-04,2100.3306,778,558,2.3457583547557843,14780.60415809769,252.58629562082265,High Risk,Immediate Retention Campaign
BS-11380,3887.834,5,2018-12-02,2015-11-29,777.5668,1099,28,1.6606005459508644,3873.6835577798,-3.380742171064604,Low Risk,Maintain Relationship
BS-11590,2454.928,6,2018-11-25,2015-01-14,409.1546666666666,1411,35,1.552090715804394,1905.1354783841248,1.5980657462792351,Medium Risk,Engagement Campaign
BS-11665,3288.11,3,2017-05-27,2015-06-23,1096.0366666666666,704,582,1.5553977272727273,5114.318821022727,274.4231589630682,High Risk,Targeted Re-engagement
BS-11755,2562.382,7,2018-12-29,2015-05-18,366.0545714285714,1321,1,1.9341408024224076,2124.0032475397425,-19.26620867373202,Low Risk,Maintain Relationship
BS-11800,949.43,2,2018-04-09,2016-09-26,474.715,560,265,1.3035714285714286,1856.4747321428572,119.09299076785712,High Risk,Targeted Re-engagement
BT-11305,2567.656,5,2018-01-28,2015-04-25,513.5312,1009,336,1.808721506442022,2786.5047770069377,149.3554839801784,High Risk,Targeted Re-engagement
BT-11395,2186.6130000000003,6,2018-03-03,2015-10-28,364.4355000000001,857,302,2.5554259043173864,2793.863751458577,124.88696820653443,High Risk,Targeted Re-engagement
BT-11440,603.876,4,2017-06-18,2015-06-04,150.969,745,560,1.959731543624161,887.5761342281878,260.2251693369128,High Risk,Targeted Re-engagement
BT-11485,415.196,2,2017-03-11,2016-12-27,207.598,74,659,2.0,1245.588,309.2508824,High Risk,Targeted Re-engagement
BT-11530,2684.492,5,2018-09-30,2015-05-21,536.8983999999999,1228,91,1.486156351791531,2393.74490228013,30.159687501628664,Medium Risk,Engagement Campaign
BT-11680,3196.752,7,2018-12-10,2015-11-28,456.6788571428571,1108,20,2.305956678700361,3159.244981949458,-13.691415783393502,Low Risk,Maintain Relationship
BV-11245,1523.273,5,2018-01-30,2016-03-26,304.6546,675,334,2.703703703703704,2471.0873111111114,139.46874550074074,High Risk,Targeted Re-engagement
BW-11065,385.516,3,2018-06-01,2015-05-25,128.50533333333334,1103,212,0.9927470534904804,382.7198730734361,95.99598549048048,High Risk,Targeted Re-engagement
BW-11110,4750.358,8,2018-08-31,2016-03-20,593.79475,894,121,3.266219239373602,5818.391510067115,26.67412930425056,Medium Risk,Engagement Campaign
BW-11200,1738.406,6,2018-06-10,2015-08-12,289.7343333333333,1033,203,2.1200387221684416,1842.744017424976,79.93106397483058,High Risk,Targeted Re-engagement
CA-11965,3789.7228,6,2018-09-25,2015-01-26,631.6204666666666,1338,96,1.6367713004484306,3101.454757847534,31.011996043946187,Medium Risk,Engagement Campaign
CA-12055,1679.7240000000002,5,2017-11-24,2016-09-05,335.94480000000004,445,401,4.101123595505618,4133.253438202249,158.66211335730338,High Risk,Targeted Re-engagement
CA-12265,2638.3272,8,2018-11-04,2015-03-25,329.7909,1320,56,2.2121212121212124,2188.612336363637,5.441065411515148,Medium Risk,Engagement Campaign
CA-12310,1421.954,4,2018-12-17,2015-07-19,355.4885,1247,13,1.1708099438652766,1248.628412189254,-5.457825121090617,Low Risk,Maintain Relationship
CA-12775,3041.566,7,2018-09-01,2015-06-28,434.5094285714285,1161,120,2.2006890611541774,2868.6604392764857,37.419377300602925,Medium Risk,Engagement Campaign
CB-12025,5730.669,9,2018-11-13,2015-03-21,636.741,1333,47,2.4643660915228804,4707.488788447111,-2.085158672918226,Low Risk,Maintain Relationship
CB-12415,1949.2,8,2018-12-04,2016-11-05,243.65,759,26,3.8471673254281953,2812.086956521739,-26.0340906455863,Low Risk,Maintain Relationship
CB-12535,4246.4555,8,2018-06-16,2016-01-02,530.8069375,896,197,3.258928571428571,5189.585683593749,64.87279714899555,High Risk,Targeted Re-engagement
CC-12100,1685.889,5,2017-09-29,2015-12-16,337.1778,653,457,2.7947932618683,2827.0267304747317,199.98666203522205,High Risk,Targeted Re-engagement
CC-12145,2471.65,7,2018-09-15,2015-07-20,353.0928571428572,1153,106,2.215958369470945,2347.31721595837,30.37095286209887,Medium Risk,Engagement Campaign
CC-12220,3670.258,11,2018-12-10,2015-09-09,333.65981818181814,1188,20,3.3796296296296298,3382.939823232323,-24.472884260942763,Low Risk,Maintain Relationship
CC-12370,12129.072000000002,5,2018-11-17,2017-05-23,2425.8144,543,43,3.3609576427255985,24459.17834254144,-17.001412095764277,Low Risk,Maintain Relationship
CC-12430,2870.05,10,2018-12-30,2016-09-06,287.005,845,0,4.319526627218935,3719.1772189349113,-43.939101715976335,Low Risk,Maintain Relationship
CC-12475,1659.438,9,2018-11-21,2015-05-16,184.382,1285,39,2.5564202334630357,1414.0736264591442,-6.34701705992218,Low Risk,Maintain Relationship
CC-12550,113.832,3,2018-12-03,2018-06-15,37.944,171,27,3.0,341.496,-16.5682992,Low Risk,Maintain Relationship
CC-12610,2540.631,7,2018-11-26,2015-08-27,362.94728571428567,1187,34,2.152485256950295,2343.7160446503785,-4.993595778433023,Low Risk,Maintain Relationship
CC-12670,2269.7015,7,2018-12-01,2015-12-23,324.24307142857145,1074,29,2.3789571694599627,2314.081138268157,-9.752387922253256,Low Risk,Maintain Relationship
CC-12685,2854.115,4,2016-10-23,2015-03-22,713.5287500000001,581,798,2.512908777969019,5379.097977624785,372.7950926247849,High Risk,Targeted Re-engagement
CD-11920,2033.968,5,2018-11-20,2015-03-24,406.7936,1337,40,1.3649962602842185,1665.8152281226628,6.016874351533284,Medium Risk,Engagement Campaign
CD-11980,639.766,3,2018-11-06,2017-11-24,213.2553333333333,347,54,3.0,1919.298,-3.3838596,Low Risk,Maintain Relationship
CD-12280,1205.584,2,2018-11-18,2018-11-05,602.792,13,42,2.0,3616.752,0.2766495999999998,Medium Risk,Engagement Campaign
CD-12790,1860.732,5,2017-11-26,2015-02-02,372.1464,1028,399,1.7752918287937742,1982.0053891050584,181.35068063424123,High Risk,Targeted Re-engagement
CG-12040,904.468,6,2018-11-11,2016-06-01,150.7446666666667,893,49,2.452407614781635,1109.062105263158,-0.24588856886898,Medium Risk,Engagement Campaign
CG-12520,1148.7800000000002,3,2018-01-26,2016-10-15,382.92666666666673,468,338,2.339743589743589,2687.8506410256414,145.064993974359,High Risk,Targeted Re-engagement
CH-12070,1537.236,3,2017-02-08,2016-06-25,512.412,228,690,3.0,4611.7080000000005,314.0776584,High Risk,Targeted Re-engagement
CJ-11875,16.52,1,2017-12-30,2017-12-30,16.52,1,365,1.0,49.56,172.490088,High Risk,Targeted Re-engagement
CJ-12010,11164.974,8,2018-06-24,2017-03-10,1395.62175,471,189,6.199575371549894,25956.786687898093,27.31288894692144,Medium Risk,Engagement Campaign
CK-12205,3154.855,13,2018-11-21,2015-03-11,242.68115384615385,1351,39,3.512213175425611,2557.043837897854,-16.13354052183568,Low Risk,Maintain Relationship
CK-12325,2945.321,5,2018-09-01,2015-03-14,589.0642,1267,120,1.440410418310971,2545.4826322020526,45.08679929044988,High Risk,Targeted Re-engagement
CK-12595,2372.75,11,2018-11-17,2015-12-26,215.70454545454547,1057,43,3.79848628192999,2458.052270577105,-16.97647327341532,Low Risk,Maintain Relationship
CK-12760,1582.109,9,2018-10-09,2015-02-07,175.78988888888887,1340,82,2.451492537313433,1292.842802238806,16.22650606641791,Medium Risk,Engagement Campaign
CL-11890,1262.014,4,2018-09-15,2015-07-26,315.50350000000003,1147,106,1.2728857890148213,1204.7997646033132,40.030182156931126,Medium Risk,Engagement Campaign
CL-12565,10880.546,12,2018-03-21,2015-03-04,906.7121666666668,1113,284,3.935309973045822,10704.580296495957,100.5059842102426,High Risk,Immediate Retention Campaign
CL-12700,2335.586,4,2018-04-14,2017-04-24,583.8965,355,260,4.0,7006.758,88.5986484,High Risk,Targeted Re-engagement
CM-11815,1673.888,6,2018-08-21,2015-11-14,278.98133333333334,1011,131,2.166172106824926,1812.9647477744809,43.47568598219585,High Risk,Targeted Re-engagement
CM-11935,565.392,2,2017-01-22,2016-09-24,282.696,120,707,2.0,1696.1760000000002,333.1607648,High Risk,Targeted Re-engagement
CM-12115,1661.61,4,2018-12-22,2016-03-29,415.4025,998,8,1.4629258517034067,1823.1091683366733,-10.9938803507014,Low Risk,Maintain Relationship
CM-12160,2533.314,6,2018-12-04,2017-10-21,422.219,409,26,5.354523227383863,6782.3443276283615,-41.90170113936431,Low Risk,Maintain Relationship
CM-12190,1475.144,6,2018-12-22,2016-09-18,245.85733333333332,825,8,2.6545454545454543,1957.9184,-22.937038225454543,Low Risk,Maintain Relationship
CM-12235,2305.712,5,2017-12-10,2017-05-01,461.1424,223,385,5.0,6917.136,141.1165728,High Risk,Targeted Re-engagement
CM-12385,8954.019999999999,4,2018-11-23,2016-03-16,2238.505,982,37,1.4867617107942974,9984.370570264764,1.6355087780040725,Medium Risk,Engagement Campaign
CM-12445,287.99,3,2017-10-20,2015-06-09,95.99666666666668,864,436,1.2673611111111112,364.9873263888889,205.2533914236111,High Risk,Targeted Re-engagement
CM-12655,5890.508,5,2018-12-03,2016-11-03,1178.1016,760,27,2.4013157894736845,8486.981921052633,-12.210554278947372,Low Risk,Maintain Relationship
CM-12715,3984.4524,4,2016-03-01,2015-03-07,996.1131,360,1034,4.0,11953.3572,474.60932856,High Risk,Immediate Retention Campaign
CP-12085,5402.254,8,2018-10-09,2015-12-04,675.28175,1040,82,2.807692307692308,5687.950125,11.78548689807692,Medium Risk,Engagement Campaign
CP-12340,5817.187,7,2018-07-23,2015-03-17,831.0267142857143,1224,160,2.087418300653595,5204.101115196079,58.08499677042483,High Risk,Targeted Re-engagement
CR-12580,2148.852,4,2018-11-03,2017-04-18,537.213,564,57,2.588652482269503,4171.97329787234,1.779080517730502,Medium Risk,Engagement Campaign
CR-12625,475.9,3,2017-09-16,2015-06-01,158.63333333333333,838,470,1.3066825775656323,621.8502386634843,221.80880417661095,High Risk,Targeted Re-engagement
CR-12730,1600.55,4,2018-10-13,2015-08-20,400.1375,1150,78,1.2695652173913043,1524.001956521739,25.99954743478261,Medium Risk,Engagement Campaign
CR-12820,1397.8724,3,2018-10-06,2016-01-24,465.9574666666667,986,85,1.1105476673427992,1552.4039330628802,31.08404253995943,Medium Risk,Engagement Campaign
CS-11845,1278.954,5,2018-09-30,2015-12-14,255.7908,1021,91,1.7874632713026444,1371.6499804113612,27.351037290891284,Medium Risk,Engagement Campaign
CS-11860,537.632,6,2018-07-21,2015-05-02,89.60533333333332,1176,162,1.862244897959184,500.6012244897958,62.27743077551021,High Risk,Targeted Re-engagement
CS-11950,3036.547,11,2018-12-05,2015-06-08,276.0497272727273,1276,25,3.146551724137931,2605.8142358934174,-19.486680088557996,Low Risk,Maintain Relationship
CS-12130,884.64,4,2017-08-28,2015-08-05,221.16,754,489,1.9363395225464188,1284.722546419098,224.879660265252,High Risk,Targeted Re-engagement
CS-12175,844.4580000000001,5,2018-05-12,2015-08-12,168.8916,1004,232,1.8177290836653388,920.9975199203188,97.63850965936255,High Risk,Targeted Re-engagement
CS-12250,2754.216,12,2018-12-04,2015-01-13,229.518,1421,26,3.0823363828289936,2122.355045742435,-18.247834837438425,Low Risk,Maintain Relationship
CS-12355,3202.1620000000003,11,2018-12-24,2015-08-15,291.1056363636364,1227,6,3.272208638956805,2857.675134474328,-30.29362141646292,Low Risk,Maintain Relationship
CS-12400,3651.8585,9,2018-12-28,2015-09-26,405.7620555555556,1189,2,2.7628259041211103,3363.149753994954,-27.30088899201009,Low Risk,Maintain Relationship
CS-12460,550.644,2,2018-12-03,2018-07-03,275.322,153,27,2.0,1651.932,-6.8303864,Low Risk,Maintain Relationship
CS-12490,970.1105,4,2017-11-01,2016-01-12,242.527625,659,424,2.2154779969650984,1611.9438505311075,189.5228312602428,High Risk,Targeted Re-engagement
CS-12505,5690.054999999999,6,2018-11-02,2015-03-26,948.3425,1317,58,1.662870159453303,4730.911332574032,11.425116138952164,Medium Risk,Engagement Campaign
CT-11995,3241.898,8,2018-09-25,2015-05-07,405.23725,1237,96,2.360549717057397,2869.748027485853,23.82055322392886,Medium Risk,Engagement Campaign
CV-12295,2830.628,5,2018-04-20,2015-03-28,566.1256,1119,254,1.6309204647006257,2769.917479892761,110.1368118570152,High Risk,Targeted Re-engagement
CV-12805,2370.3136,9,2018-12-25,2017-05-09,263.36817777777776,595,5,5.5210084033613445,4362.173768067227,-53.58251878722689,Low Risk,Maintain Relationship
CW-11905,1136.592,6,2018-12-08,2015-06-09,189.432,1278,22,1.7136150234741785,973.8405633802818,-6.330918347417841,Low Risk,Maintain Relationship
CY-12745,2004.082,7,2018-10-31,2015-12-12,286.2974285714285,1054,60,2.4240986717267554,2082.039648956357,5.342605352941176,Medium Risk,Engagement Campaign
Co-12640,1300.076,5,2017-06-29,2015-06-20,260.0152,740,549,2.466216216216216,1923.761108108108,249.4530856162162,High Risk,Targeted Re-engagement
DA-13450,156.76,4,2018-01-12,2015-04-25,39.19,993,352,1.4702920443101712,172.86223564954682,161.2625071097684,High Risk,Targeted Re-engagement
DB-12910,2171.599,8,2018-12-09,2015-10-24,271.449875,1142,21,2.5569176882662,2082.224960595446,-15.485621874781089,Low Risk,Maintain Relationship
DB-12970,2469.6672,4,2018-05-03,2015-11-12,617.4168,903,241,1.6168327796234774,2994.7791627906977,103.73271637120708,High Risk,Targeted Re-engagement
DB-13060,4151.51,6,2018-12-14,2015-03-01,691.9183333333334,1384,16,1.5823699421965318,3284.6123193641624,-8.480621885838152,Low Risk,Maintain Relationship
DB-13120,2973.094,7,2018-11-12,2016-05-01,424.7277142857143,925,48,2.7621621621621624,3519.500464864865,-4.325521714594598,Low Risk,Maintain Relationship
DB-13210,2332.577,10,2018-12-21,2016-03-22,233.25770000000003,1004,9,3.6354581673306776,2543.9958316733077,-32.36338083964144,Low Risk,Maintain Relationship
DB-13270,4655.897,8,2018-11-07,2015-02-04,581.987125,1372,53,2.128279883381924,3715.894471574344,4.474022271865889,Medium Risk,Engagement Campaign
DB-13360,1081.466,5,2018-04-10,2015-11-19,216.2932,873,264,2.0904925544100803,1356.477972508591,110.82377886139749,High Risk,Targeted Re-engagement
DB-13405,1711.692,4,2018-06-26,2016-08-08,427.923,687,187,2.1251819505094613,2728.2427074235807,71.70253195342067,High Risk,Targeted Re-engagement
DB-13555,3908.8028,7,2018-09-14,2015-04-21,558.4004,1242,107,2.0571658615136874,3446.1667198067626,32.23910804090177,Medium Risk,Engagement Campaign
DB-13615,1989.05,7,2018-11-27,2015-09-30,284.15,1154,33,2.2140381282495665,1887.356802426343,-6.017852642980932,Low Risk,Maintain Relationship
DB-13660,1155.202,7,2018-12-18,2015-06-17,165.0288571428571,1280,12,1.99609375,988.2392109375,-14.1585853421875,Low Risk,Maintain Relationship
DC-12850,3336.168,9,2018-11-23,2015-07-05,370.68533333333335,1237,37,2.655618431689572,2953.1964106709784,-8.646823599029913,Low Risk,Maintain Relationship
DC-13285,1174.618,5,2018-12-07,2015-12-29,234.9236,1074,23,1.6992551210428304,1197.5853910614524,-5.732068288640593,Low Risk,Maintain Relationship
DD-13570,269.542,6,2018-11-19,2015-03-31,44.92366666666666,1329,41,1.6478555304740408,222.08313769751692,3.977028067720089,Medium Risk,Engagement Campaign
DE-13255,2550.874,5,2017-01-11,2015-08-22,510.1748,508,718,3.59251968503937,5498.43903543307,321.97511534251964,High Risk,Targeted Re-engagement
DF-13135,2390.534,3,2017-01-30,2015-10-04,796.8446666666667,484,699,2.262396694214876,5408.336219008264,325.7943658140496,High Risk,Targeted Re-engagement
DG-13300,3195.818,5,2018-11-28,2015-11-01,639.1636000000001,1123,32,1.6251113089937663,3116.135983971505,-0.8743402867319656,Medium Risk,Engagement Campaign
DH-13075,3487.1980000000003,5,2018-03-28,2015-11-21,697.4396,858,277,2.1270396270396272,4450.445000000001,116.33951472960372,High Risk,Targeted Re-engagement
DH-13675,1043.096,4,2016-11-15,2015-08-12,260.774,461,775,3.1670281995661607,2477.635835140998,355.33419083731025,High Risk,Targeted Re-engagement
DJ-13420,2012.52,4,2017-04-02,2015-12-08,503.13,481,637,3.0353430353430357,4581.516424116424,287.2302663617464,High Risk,Targeted Re-engagement
DJ-13510,2501.688,8,2018-11-12,2015-08-17,312.711,1183,48,2.4683009298393914,2315.5945562130173,-1.146128209636516,Low Risk,Maintain Relationship
DJ-13630,3356.398,3,2018-12-18,2016-12-14,1118.7993333333334,734,12,1.491825613079019,5007.160504087194,-9.91968823160763,Low Risk,Maintain Relationship
DK-12835,3256.48,12,2018-12-09,2015-03-26,271.37333333333333,1354,21,3.2348596750369274,2633.5639586410634,-22.375309542097487,Low Risk,Maintain Relationship
DK-12895,4282.176,5,2018-11-15,2016-03-08,856.4352000000001,982,45,1.858452138492872,4774.931486761711,2.960492317718941,Medium Risk,Engagement Campaign
DK-12985,1687.04,5,2018-12-23,2015-11-24,337.408,1125,7,1.6222222222222222,1642.0522666666666,-13.050632675555557,Low Risk,Maintain Relationship
DK-13090,2650.557,7,2018-11-18,2016-03-02,378.651,991,42,2.5782038345105955,2928.718380423814,-5.36778202119072,Low Risk,Maintain Relationship
DK-13150,797.832,2,2018-12-20,2015-12-05,398.916,1111,10,0.6570657065706571,786.3420702070207,-1.7279254797479755,Low Risk,Maintain Relationship
DK-13225,4802.394,9,2018-12-20,2015-03-14,533.5993333333333,1377,10,2.38562091503268,3818.8971895424834,-19.61998858823529,Low Risk,Maintain Relationship
DK-13375,3318.486,8,2018-12-11,2015-09-07,414.81075,1191,19,2.4517212426532327,3051.0009823677583,-15.627412623005876,Low Risk,Maintain Relationship
DL-12865,444.024,7,2018-09-21,2015-06-29,63.432,1180,100,2.165254237288136,412.039220338983,28.26504978305085,Medium Risk,Engagement Campaign
DL-12925,3272.2,6,2018-11-03,2015-09-09,545.3666666666667,1151,57,1.902693310165074,3112.996524761077,8.850467593397044,Medium Risk,Engagement Campaign
DL-13315,1458.258,8,2018-12-08,2015-01-16,182.28225,1422,22,2.0534458509142053,1122.9201898734177,-9.759042547116737,Low Risk,Maintain Relationship
DL-13330,585.02,4,2018-11-03,2015-06-23,146.255,1229,57,1.1879576891781936,521.23425549227,16.516176257119607,Medium Risk,Engagement Campaign
DL-13495,3539.322,8,2018-10-15,2016-12-25,442.41525,659,76,4.430955993930197,5880.96751138088,-7.4857534415781455,Low Risk,Maintain Relationship
DM-12955,1322.034,7,2018-09-07,2015-09-30,188.862,1073,114,2.381174277726002,1349.1400093196646,32.91842922087604,Medium Risk,Engagement Campaign
DM-13015,6345.103,7,2018-11-03,2015-09-14,906.4432857142856,1146,57,2.2294938917975564,6062.729306282721,4.992515220767892,Medium Risk,Engagement Campaign
DM-13345,4074.472,8,2018-12-08,2015-11-03,509.309,1131,22,2.581786030061892,3944.780583554377,-15.606816417329796,Low Risk,Maintain Relationship
DM-13525,1376.792,3,2017-09-05,2015-07-05,458.9306666666666,793,481,1.3808322824716266,1901.118839848676,226.311453407314,High Risk,Targeted Re-engagement
DN-13690,2139.79,7,2018-05-27,2015-09-20,305.6842857142857,980,217,2.607142857142857,2390.8878061224486,81.95039386734695,High Risk,Targeted Re-engagement
DO-13435,1300.0315,9,2018-08-19,2015-10-03,144.44794444444446,1051,133,3.125594671741198,1354.4571764985728,34.973161847288296,Medium Risk,Engagement Campaign
DO-13645,1267.316,7,2018-12-04,2016-11-07,181.04514285714285,757,26,3.3751651254953763,1833.1717569352709,-21.11828560634082,Low Risk,Maintain Relationship
DP-13000,897.524,8,2018-08-26,2015-01-03,112.1905,1331,126,2.1938392186326072,738.3837565740046,40.91393106235913,Medium Risk,Engagement Campaign
DP-13105,2215.002,8,2018-12-24,2016-08-22,276.87525,854,6,3.4192037470726,2840.0786768149883,-31.760053206089,Low Risk,Maintain Relationship
DP-13165,1058.616,2,2016-10-10,2015-12-02,529.308,313,811,2.0,3175.848,384.8648304,High Risk,Targeted Re-engagement
DP-13390,5480.723999999999,9,2018-01-06,2015-07-05,608.9693333333332,916,358,3.5862445414847164,6551.738842794759,141.82720681659387,High Risk,Targeted Re-engagement
DR-12880,6528.034000000001,9,2018-12-27,2016-09-25,725.3371111111112,823,3,3.991494532199271,8685.537339003648,-40.15205278979344,Low Risk,Maintain Relationship
DR-12940,8350.868,8,2018-11-10,2015-03-28,1043.8585,1323,50,2.207105064247921,6911.7161451247175,1.546606128495842,Medium Risk,Engagement Campaign
DS-13030,1762.213,4,2018-09-28,2015-07-09,440.55325,1177,93,1.240441801189465,1639.4420008496177,33.767693587935426,Medium Risk,Engagement Campaign
DS-13180,2881.8128,9,2018-12-07,2015-04-28,320.2014222222222,1319,23,2.4905231235784684,2392.4071387414706,-13.883712663532975,Low Risk,Maintain Relationship
DV-13045,1119.483,5,2018-12-11,2017-06-12,223.8966,547,19,3.3363802559414992,2241.0125868372943,-24.31200507678245,Low Risk,Maintain Relationship
DV-13465,3254.487,5,2018-12-01,2015-06-22,650.8974000000001,1258,29,1.4507154213036566,2832.800687599364,-0.5737143505564389,Medium Risk,Engagement Campaign
DW-13195,1080.751,6,2018-10-22,2015-01-18,180.12516666666667,1373,69,1.595047341587764,861.9245047341587,18.37714168317553,Medium Risk,Engagement Campaign
DW-13480,5271.628,5,2018-05-27,2015-06-01,1054.3256,1091,217,1.6727772685609532,5290.955692025664,90.71403617598531,High Risk,Targeted Re-engagement
DW-13540,344.08,5,2018-09-23,2017-02-27,68.816,573,98,3.1849912739965096,657.5350785340314,17.0185802443281,Medium Risk,Engagement Campaign
DW-13585,1204.854,7,2018-05-02,2015-08-24,172.122,982,242,2.6018329938900204,1343.4980957230143,94.7129704419552,High Risk,Targeted Re-engagement
Dl-13600,755.602,5,2018-09-02,2015-03-30,151.1204,1252,119,1.457667731629393,660.8499920127795,44.79115268530352,High Risk,Targeted Re-engagement
Dp-13240,7198.761,11,2018-10-07,2015-05-26,654.4328181818181,1230,84,3.2642276422764227,6408.653085365852,8.075992960162603,Medium Risk,Engagement Campaign
EA-14035,2752.441,12,2018-07-31,2015-09-13,229.37008333333333,1052,152,4.163498098859315,2864.945717680608,33.79202986787073,Medium Risk,Engagement Campaign
EB-13705,3644.978,9,2018-11-12,2015-07-08,404.9975555555556,1223,48,2.6860179885527398,3263.492158626329,-3.51287831725266,Low Risk,Maintain Relationship
EB-13750,3236.314,10,2018-11-25,2016-03-12,323.6314,988,35,3.694331983805668,3586.805495951417,-20.16068093724697,Low Risk,Maintain Relationship
EB-13840,964.448,4,2018-10-01,2015-05-30,241.112,1220,90,1.1967213114754098,865.631606557377,32.85966056393442,Medium Risk,Engagement Campaign
EB-13870,2767.219,10,2018-09-21,2015-05-05,276.7219,1235,100,2.955465587044534,2453.526157894737,19.954638897975716,Medium Risk,Engagement Campaign
EB-13930,944.6,5,2018-07-22,2015-02-02,188.92,1266,161,1.4415481832543444,817.0118483412323,65.9211157977883,High Risk,Targeted Re-engagement
EB-13975,1643.255,4,2018-12-30,2017-01-04,410.81375,725,0,2.013793103448276,2481.8816896551725,-20.634307372413797,Low Risk,Maintain Relationship
EB-14110,3071.126,6,2018-09-08,2016-04-13,511.8543333333334,878,113,2.4943052391799543,3830.1628359908887,30.79091504100228,Medium Risk,Engagement Campaign
EB-14170,1186.326,6,2018-10-09,2015-09-29,197.721,1106,82,1.9801084990958409,1174.527097649186,20.964009589511758,Medium Risk,Engagement Campaign
EC-14050,461.914,5,2018-11-07,2015-12-17,92.3828,1056,53,1.728219696969697,478.9733238636364,9.122008365530304,Medium Risk,Engagement Campaign
ED-13885,3484.92,8,2018-08-17,2015-08-09,435.615,1104,135,2.6449275362318843,3456.510326086957,40.35942257246376,Medium Risk,Engagement Campaign
EG-13900,1832.02,5,2018-12-08,2016-11-02,366.404,766,22,2.382506527415144,2618.8797650130546,-13.348841227154043,Low Risk,Maintain Relationship
EH-13765,9940.38,10,2018-08-17,2015-10-18,994.038,1034,135,3.529980657640232,10526.804738878143,30.09483247582205,Medium Risk,Engagement Campaign
EH-13945,684.1709999999999,8,2018-05-27,2015-07-02,85.52137499999999,1060,217,2.7547169811320757,706.7615518867923,80.81147787830189,High Risk,Targeted Re-engagement
EH-13990,825.9499999999999,6,2017-11-20,2015-01-15,137.65833333333333,1040,405,2.105769230769231,869.6300480769232,181.2683816826923,High Risk,Targeted Re-engagement
EH-14005,1219.53,7,2018-12-28,2015-05-13,174.21857142857144,1325,2,1.9283018867924528,1007.838,-18.48458646792453,Low Risk,Maintain Relationship
EH-14125,3082.653,10,2018-07-31,2015-10-19,308.2653,1016,152,3.59251968503937,3322.3474753937007,39.41033365452756,Medium Risk,Engagement Campaign
EH-14185,923.884,6,2018-09-16,2015-05-22,153.98066666666668,1213,105,1.805441055234955,834.0090519373455,34.27878763726298,Medium Risk,Engagement Campaign
EJ-13720,2162.174,4,2018-03-03,2015-01-27,540.5435,1131,302,1.290893015030946,2093.3514854111404,137.6723995526083,High Risk,Targeted Re-engagement
EJ-14155,2656.691,5,2018-11-03,2015-03-03,531.3381999999999,1341,57,1.360924683072334,2169.333814317673,14.456886406413126,Medium Risk,Engagement Campaign
EK-13795,1303.478,4,2018-11-16,2015-03-18,325.8695,1339,44,1.0903659447348768,1065.951015683346,10.883150349514562,Medium Risk,Engagement Campaign
EL-13735,124.28,2,2018-10-14,2017-04-22,62.14,540,77,1.351851851851852,252.0122222222222,24.93107903703704,Medium Risk,Engagement Campaign
EM-13810,2567.01,5,2018-08-20,2016-06-07,513.4019999999999,804,132,2.269900497512438,3496.114365671642,42.60177215174129,High Risk,Targeted Re-engagement
EM-13825,2339.598,8,2018-11-05,2015-12-02,292.44975,1069,55,2.7315247895229184,2396.50122544434,-0.2945481403180524,Medium Risk,Engagement Campaign
EM-13960,933.704,5,2018-08-01,2016-10-01,186.7408,669,151,2.7279521674140508,1528.2599103139012,47.91482634379671,High Risk,Targeted Re-engagement
EM-14065,228.99,4,2018-11-13,2015-07-22,57.2475,1210,47,1.206611570247934,207.22648760330577,11.392439,Medium Risk,Engagement Campaign
EM-14095,1041.042,4,2018-09-08,2016-08-07,260.26050000000004,762,113,1.916010498687664,1495.9855511811024,37.04069790288714,Medium Risk,Engagement Campaign
EM-14140,4588.436000000001,6,2018-11-12,2015-07-19,764.7393333333334,1212,48,1.8069306930693068,4145.49292079208,5.101594485148517,Medium Risk,Engagement Campaign
EM-14200,366.822,3,2018-07-25,2016-12-20,122.274,582,158,1.8814432989690724,690.1547938144331,60.04753605154639,High Risk,Targeted Re-engagement
EN-13780,2199.366,4,2018-03-18,2016-05-30,549.8415,657,287,2.2222222222222223,3665.6100000000006,120.54465577777778,High Risk,Targeted Re-engagement
EP-13915,5478.0608,17,2018-12-18,2015-07-06,322.23887058823533,1261,12,4.920697858842188,4756.920361617764,-44.15836266074544,Low Risk,Maintain Relationship
ER-13855,1245.788,3,2017-11-04,2016-12-21,415.2626666666667,318,421,3.0,3737.364,179.7525272,High Risk,Targeted Re-engagement
ES-14020,3510.458,5,2018-11-20,2015-09-20,702.0916,1157,40,1.5773552290406223,3322.343569576491,3.5619789956784795,Medium Risk,Engagement Campaign
ES-14080,4657.924,9,2018-12-02,2015-10-02,517.5471111111111,1157,28,2.83923941227312,4408.320466724287,-15.27405821607606,Low Risk,Maintain Relationship
FA-14230,2984.054,7,2018-09-24,2015-09-19,426.2934285714286,1101,97,2.3206176203451405,2967.7921253406,24.700265371480477,Medium Risk,Engagement Campaign
FC-14245,3418.742,7,2018-10-21,2016-06-13,488.39171428571433,860,70,2.9709302325581395,4352.933127906977,4.420111048837211,Medium Risk,Engagement Campaign
FC-14335,3889.366,7,2018-06-29,2015-10-10,555.6237142857143,993,184,2.5730110775427995,4288.877915407855,65.41211364149044,High Risk,Targeted Re-engagement
FG-14260,1383.144,7,2018-11-26,2015-05-21,197.592,1285,34,1.9883268482490275,1178.6324357976655,-3.118994969649806,Low Risk,Maintain Relationship
FH-14275,4256.272,10,2018-11-23,2015-04-06,425.6272,1327,37,2.750565184626978,3512.1460738507917,-9.70808106103994,Low Risk,Maintain Relationship
FH-14350,2271.284,4,2018-06-01,2016-08-23,567.821,647,212,2.256568778979908,3843.98142194745,82.66551592581143,High Risk,Targeted Re-engagement
FH-14365,6987.196,8,2018-12-25,2015-10-20,873.3995,1162,5,2.512908777969019,6584.319810671257,-23.94595174182444,Low Risk,Maintain Relationship
FM-14215,2456.638,10,2018-12-23,2015-03-11,245.6638,1383,7,2.639190166305134,1945.0604555314533,-23.28091375415763,Low Risk,Maintain Relationship
FM-14290,3736.198,9,2018-11-24,2015-08-26,415.1331111111111,1186,36,2.7698145025295107,3449.5251349072505,-10.388050052276554,Low Risk,Maintain Relationship
FM-14380,2523.266,9,2018-08-07,2016-07-12,280.3628888888889,756,145,4.345238095238096,3654.730515873016,28.31667294444444,Medium Risk,Engagement Campaign
FO-14305,2678.438,10,2018-11-22,2015-06-09,267.8438,1262,38,2.892234548335975,2324.0012757527734,-10.387145738510304,Low Risk,Maintain Relationship
FP-14320,4046.746,8,2018-12-07,2015-12-07,505.84325,1096,23,2.6642335766423355,4043.053713503649,-15.950946509124083,Low Risk,Maintain Relationship
FW-14395,79.75,3,2018-01-02,2016-03-22,26.58333333333333,651,362,1.6820276497695854,134.14170506912444,164.15289516129033,High Risk,Targeted Re-engagement
GA-14515,3797.232,5,2018-08-03,2016-04-17,759.4464,838,149,2.1778042959427206,4961.776897374702,51.729601661097846,High Risk,Targeted Re-engagement
GA-14725,1398.382,11,2018-12-25,2015-02-11,127.12563636363636,1413,5,2.841472045293701,1083.6718259023355,-26.13145481811748,Low Risk,Maintain Relationship
GB-14530,1568.44,11,2018-10-29,2015-04-28,142.58545454545455,1280,62,3.13671875,1341.7514062500002,-0.63553778125,Medium Risk,Engagement Campaign
GB-14575,4716.288,5,2018-12-17,2016-06-12,943.2576,918,13,1.9880174291939,5625.637647058823,-14.50530182135076,Low Risk,Maintain Relationship
GD-14590,1888.07,4,2018-12-25,2015-05-05,472.0175,1330,5,1.0977443609022557,1554.4636466165416,-8.788336338345866,Low Risk,Maintain Relationship
GG-14650,2224.0,9,2018-11-17,2015-10-31,247.11111111111111,1113,43,2.9514824797843664,2188.032345013477,-8.45243126684636,Low Risk,Maintain Relationship
GH-14410,2819.467,9,2018-10-16,2015-07-09,313.2741111111111,1195,75,2.748953974895397,2583.528338912134,9.4937545832636,Medium Risk,Engagement Campaign
GH-14425,4172.8460000000005,4,2018-11-10,2015-06-17,1043.2115,1242,50,1.1755233494363928,3678.958429951691,12.508974819645733,Medium Risk,Engagement Campaign
GH-14485,1361.244,2,2017-12-08,2016-10-08,680.6220000000001,426,387,1.7136150234741785,3498.9722535211267,175.664055314554,High Risk,Targeted Re-engagement
GH-14665,146.94080000000002,2,2018-12-28,2016-11-17,73.47040000000001,771,2,0.9468223086900128,208.6902412451362,-8.509961135149156,Low Risk,Maintain Relationship
GK-14620,6497.27,9,2018-09-09,2015-06-25,721.9188888888889,1172,112,2.8029010238907848,6070.401578498293,26.75690944539249,Medium Risk,Engagement Campaign
GM-14440,3582.82,7,2018-10-08,2015-03-21,511.83142857142855,1297,83,1.9699306090979185,3024.817193523516,21.195730470316114,Medium Risk,Engagement Campaign
GM-14455,3078.624,6,2018-12-14,2015-04-11,513.1039999999999,1343,16,1.6306775874906925,2510.1215785554723,-8.80880019061802,Low Risk,Maintain Relationship
GM-14500,1255.682,10,2018-09-15,2015-08-09,125.5682,1133,106,3.2215357458075906,1213.5673345101502,20.541929075022065,Medium Risk,Engagement Campaign
GM-14680,3163.628,6,2018-07-31,2015-05-10,527.2713333333334,1178,152,1.8590831918505943,2940.723820033956,56.82102331748727,High Risk,Targeted Re-engagement
GM-14695,6049.966,3,2018-09-04,2015-04-05,2016.6553333333331,1248,117,0.8774038461538461,5308.2634375,48.66430885096154,High Risk,Targeted Re-engagement
GP-14740,236.53,2,2016-11-26,2015-04-06,118.265,600,764,1.2166666666666668,431.6672500000001,369.7469998833333,High Risk,Targeted Re-engagement
GR-14560,1284.38,2,2015-11-21,2015-11-19,642.19,2,1135,2.0,3853.14,546.729372,High Risk,Targeted Re-engagement
GT-14635,9351.212,3,2018-11-04,2015-06-06,3117.0706666666665,1247,56,0.8781074578989575,8211.368997594225,17.57665162149158,Medium Risk,Engagement Campaign
GT-14710,11820.12,11,2018-11-24,2015-05-23,1074.5563636363636,1281,36,3.1342701014832164,10103.849648711945,-15.363470944574557,Low Risk,Maintain Relationship
GT-14755,226.436,4,2018-11-26,2016-02-18,56.609,1012,34,1.442687747035573,245.00733201581025,2.5241210632411075,Medium Risk,Engagement Campaign
GW-14605,2189.019,7,2018-12-02,2015-03-01,312.717,1372,28,1.862244897959184,1747.066913265306,-4.971862362244899,Low Risk,Maintain Relationship
GZ-14470,4355.150000000001,9,2018-12-23,2015-08-05,483.9055555555556,1236,7,2.6577669902912624,3858.3246359223313,-23.84933483009709,Low Risk,Maintain Relationship
GZ-14545,2454.6220000000003,4,2018-07-26,2015-09-28,613.6555000000001,1032,157,1.4147286821705427,2604.4681104651168,63.83181955620155,High Risk,Targeted Re-engagement
HA-14905,2163.3,7,2018-10-22,2015-06-30,309.04285714285714,1210,69,2.1115702479338845,1957.6971074380167,12.992758099173551,Medium Risk,Engagement Campaign
HA-14920,2584.158,8,2018-12-10,2015-10-11,323.01975,1156,20,2.5259515570934257,2447.796721453288,-15.749074915224911,Low Risk,Maintain Relationship
HD-14785,251.36,3,2016-11-22,2015-05-11,83.78666666666668,561,768,1.9518716577540107,490.6224598930482,364.3831589304813,High Risk,Targeted Re-engagement
HE-14800,755.462,3,2018-12-18,2017-01-30,251.82066666666665,687,12,1.593886462882096,1204.120655021834,-10.179688759825329,Low Risk,Maintain Relationship
HF-14995,2533.164,7,2018-12-09,2015-05-26,361.8805714285714,1293,21,1.9760247486465583,2145.254895591647,-9.689298465583914,Low Risk,Maintain Relationship
HG-14845,785.628,5,2018-11-06,2015-04-29,157.12560000000002,1287,54,1.418026418026418,668.4247552447553,12.68605086868687,Medium Risk,Engagement Campaign
HG-14965,3247.642,12,2018-12-07,2015-09-20,270.6368333333333,1174,23,3.7308347529812607,3029.1039097103912,-26.41416831175469,Low Risk,Maintain Relationship
HG-15025,3690.284,7,2018-12-24,2015-10-14,527.1834285714286,1167,6,2.189374464438732,3462.605809768638,-19.586265806341046,Low Risk,Maintain Relationship
HH-15010,218.668,2,2018-10-19,2015-08-29,109.334,1147,72,0.6364428945074107,208.7545422842197,29.59382014646905,Medium Risk,Engagement Campaign
HJ-14875,358.1,5,2018-08-26,2016-04-13,71.62,865,126,2.109826589595376,453.31734104046245,41.81107063583815,High Risk,Targeted Re-engagement
HK-14890,4877.784,8,2018-08-01,2015-06-10,609.723,1148,151,2.543554006968641,4652.590139372822,49.13394190243903,High Risk,Targeted Re-engagement
HL-15040,12873.298,6,2018-11-17,2015-01-20,2145.5496666666663,1397,43,1.5676449534717252,10090.380322118825,3.805474400858983,Medium Risk,Engagement Campaign
HM-14860,8236.7648,10,2018-12-28,2015-07-21,823.6764800000001,1256,2,2.906050955414013,7180.937464968154,-29.49669704713376,Low Risk,Maintain Relationship
HM-14980,736.276,4,2018-04-27,2016-10-02,184.069,572,247,2.5524475524475525,1409.4794055944055,97.6936285944056,High Risk,Targeted Re-engagement
HP-14815,1990.314,7,2018-11-30,2015-05-06,284.33057142857143,1304,30,1.959355828220859,1671.314286809816,-4.927821139570554,Low Risk,Maintain Relationship
HR-14770,940.588,4,2018-12-17,2015-03-01,235.147,1387,13,1.0526315789473684,742.5694736842104,-4.1748296842105255,Low Risk,Maintain Relationship
HR-14830,5248.787,7,2018-07-24,2015-11-24,749.8267142857143,973,159,2.62589928057554,5906.908288797534,52.05962553648509,High Risk,Targeted Re-engagement
HW-14935,4827.934,7,2018-09-04,2016-09-27,689.7048571428571,707,117,3.613861386138614,7477.493253182462,20.865887487977368,Medium Risk,Engagement Campaign
HZ-14950,886.52,5,2018-11-25,2017-03-14,177.304,621,35,2.9388083735909825,1563.1874396135267,-12.200721223832527,Low Risk,Maintain Relationship
IG-15085,744.574,4,2018-10-20,2015-10-18,186.1435,1098,71,1.3296903460837888,742.5396448087431,22.05458861020036,Medium Risk,Engagement Campaign
IL-15100,5040.736,7,2018-08-10,2015-08-01,720.1051428571428,1105,142,2.3122171945701355,4995.1184796380085,46.87880435837104,High Risk,Targeted Re-engagement
IM-15055,48.4,2,2017-11-16,2015-01-23,24.2,1028,409,0.7101167315175098,51.55447470817121,197.38852178988327,High Risk,Targeted Re-engagement
IM-15070,4930.474,7,2017-12-05,2015-12-19,704.3534285714286,717,390,3.5634588563458856,7529.803389121338,157.85945075871686,High Risk,Targeted Re-engagement
JA-15970,6491.026,8,2018-09-29,2015-09-17,811.37825,1108,92,2.6353790613718413,6414.8677527075815,18.36323583574007,Medium Risk,Engagement Campaign
JB-15400,1791.605,10,2018-12-23,2015-09-14,179.1605,1196,7,3.0518394648829434,1640.3072533444818,-27.346456099498333,Low Risk,Maintain Relationship
JB-15925,900.552,3,2016-12-24,2015-12-05,300.184,385,736,2.844155844155844,2561.310233766234,339.0461795116884,High Risk,Targeted Re-engagement
JB-16000,644.1188,7,2018-11-17,2017-01-10,92.01697142857142,676,43,3.779585798816568,1043.3581153846153,-16.504529611242603,Low Risk,Maintain Relationship
JB-16045,2518.115,5,2018-12-23,2016-05-03,503.62299999999993,964,7,1.8931535269709543,2860.306976141079,-16.00359666493776,Low Risk,Maintain Relationship
JC-15340,71.263,4,2018-09-07,2015-01-28,17.81575,1318,114,1.1077389984825492,59.20560318664643,45.91076889453718,High Risk,Targeted Re-engagement
JC-15385,1058.108,1,2018-07-08,2018-07-08,1058.108,1,175,1.0,3174.324,76.8651352,High Risk,Targeted Re-engagement
JC-15775,2772.055,9,2018-07-25,2015-09-14,308.00611111111107,1045,158,3.1435406698564594,2904.6892105263155,46.983655459330144,High Risk,Targeted Re-engagement
JC-16105,858.576,5,2018-11-03,2015-11-18,171.7152,1081,57,1.6882516188714154,869.6953931544867,11.44354473265495,Medium Risk,Engagement Campaign
JD-15790,2152.352,5,2018-09-04,2016-04-02,430.4704,885,117,2.062146892655367,2663.079593220339,37.345915154802256,Medium Risk,Engagement Campaign
JD-15895,7610.864,11,2017-12-01,2015-03-26,691.8967272727273,981,394,4.0927624872579,8495.306911314985,154.373313745158,High Risk,Targeted Re-engagement
JD-16015,385.43,6,2018-09-09,2015-10-04,64.23833333333333,1071,112,2.0448179271708686,394.0670868347339,35.47300731092437,Medium Risk,Engagement Campaign
JD-16060,695.442,3,2018-03-05,2015-09-24,231.814,893,300,1.2262038073908177,852.7536282194849,137.56741120044794,High Risk,Targeted Re-engagement
JD-16150,8828.0305,8,2018-11-19,2015-11-16,1103.5038125,1099,41,2.656960873521383,8795.899360782529,-7.828788607370336,Low Risk,Maintain Relationship
JE-15475,1388.682,6,2018-06-20,2016-03-16,231.447,826,193,2.6513317191283297,1840.9283171912837,69.61849714527845,High Risk,Targeted Re-engagement
JE-15610,7754.976,7,2018-11-12,2015-10-14,1107.8537142857142,1125,48,2.2711111111111117,7548.17664,-0.2207464391111122,Medium Risk,Engagement Campaign
JE-15715,8697.842999999999,10,2018-11-14,2015-08-25,869.7842999999999,1177,46,3.1011045029736617,8091.876028037383,-9.629420235344094,Low Risk,Maintain Relationship
JE-15745,6760.8150000000005,13,2018-11-09,2015-06-22,520.0626923076924,1236,51,3.8389967637540456,5989.55697815534,-14.087879033171529,Low Risk,Maintain Relationship
JE-16165,2697.248,3,2018-12-10,2017-12-05,899.0826666666667,370,20,2.959459459459459,7982.396108108107,-21.19107381621621,Low Risk,Maintain Relationship
JF-15190,2239.606,6,2018-10-26,2015-11-15,373.2676666666667,1076,65,2.0353159851301115,2279.1529460966544,11.691009559479554,Medium Risk,Engagement Campaign
JF-15295,955.124,5,2018-05-19,2015-03-14,191.0248,1162,225,1.5705679862306368,900.0523063683304,96.61430967641996,High Risk,Targeted Re-engagement
JF-15355,1911.844,6,2018-09-16,2016-10-23,318.6406666666667,693,105,3.16017316017316,3020.8790476190475,20.29409258874459,Medium Risk,Engagement Campaign
JF-15415,2309.432,5,2018-12-28,2015-08-22,461.8864,1224,2,1.4910130718954249,2066.035980392157,-14.32333791503268,Low Risk,Maintain Relationship
JF-15490,890.95,10,2018-08-31,2015-10-19,89.095,1047,121,3.4861509073543457,931.7958452722064,25.4521317574021,Medium Risk,Engagement Campaign
JF-15565,4198.332,8,2018-11-06,2015-10-11,524.7915,1122,54,2.6024955436720143,4097.3026203208565,0.1555840392156874,Medium Risk,Engagement Campaign
JG-15115,2358.676,3,2016-12-03,2015-09-21,786.2253333333333,439,757,2.4943052391799543,5883.257904328018,352.38029602733485,High Risk,Targeted Re-engagement
JG-15160,6366.392,11,2018-12-29,2015-05-30,578.762909090909,1309,1,3.0672268907563023,5325.591474407945,-31.23738720244461,Low Risk,Maintain Relationship
JG-15310,2240.58,6,2018-12-28,2017-03-03,373.43,665,2,3.293233082706767,3689.376090225564,-32.670206045112785,Low Risk,Maintain Relationship
JG-15805,1507.018,6,2018-05-21,2015-04-05,251.16966666666667,1142,223,1.91768826619965,1444.995367775832,92.03411826444834,High Risk,Targeted Re-engagement
JH-15430,309.281,4,2018-12-25,2015-02-24,77.32025,1400,5,1.042857142857143,241.901925,-7.976951813571429,Low Risk,Maintain Relationship
JH-15820,528.91,6,2018-07-09,2015-05-19,88.15166666666666,1147,174,1.909328683522232,504.9315170008719,67.8057268613775,High Risk,Targeted Re-engagement
JH-15910,959.477,7,2018-11-19,2016-06-12,137.06814285714285,890,41,2.870786516853933,1180.480129213483,-8.443961194382025,Low Risk,Maintain Relationship
JH-15985,7954.998,6,2018-12-01,2015-08-09,1325.833,1210,29,1.8099173553719008,7198.94447107438,-5.038962447933885,Low Risk,Maintain Relationship
JH-16180,2256.394,4,2017-11-21,2016-05-25,564.0985000000001,545,404,2.6788990825688077,4533.488862385322,174.30431140183487,High Risk,Targeted Re-engagement
JJ-15445,709.178,5,2017-09-03,2016-03-05,141.8356,547,483,3.3363802559414992,1419.6524862888484,207.8522669433273,High Risk,Targeted Re-engagement
JJ-15760,195.0,2,2016-12-08,2016-10-05,97.5,64,752,2.0,585.0,355.883,High Risk,Targeted Re-engagement
JK-15205,4262.292,4,2018-10-30,2016-09-27,1065.573,763,61,1.913499344692005,6116.919711664481,10.141622610747056,Medium Risk,Engagement Campaign
JK-15325,383.812,3,2018-03-18,2015-11-21,127.93733333333334,848,287,1.2912735849056605,495.6062971698114,130.48814289150943,High Risk,Targeted Re-engagement
JK-15370,2136.458,7,2018-11-16,2015-04-11,305.2082857142857,1315,44,1.9429657794676805,1779.0277642585552,2.2145366524714856,Medium Risk,Engagement Campaign
JK-15625,3760.028,7,2018-10-30,2015-05-31,537.1468571428571,1248,61,2.047275641025641,3299.063028846153,9.36743098397436,Medium Risk,Engagement Campaign
JK-15640,4760.434,9,2018-07-03,2015-09-19,528.9371111111111,1018,180,3.226915520628684,5120.506119842829,56.7067435697446,High Risk,Targeted Re-engagement
JK-15730,4769.9,9,2018-10-07,2015-11-18,529.9888888888888,1054,84,3.116698292220114,4955.446394686906,9.84192779886148,Medium Risk,Engagement Campaign
JK-16090,3747.668,3,2018-12-02,2016-04-21,1249.2226666666668,955,28,1.1465968586387436,4297.064356020944,1.6746185424083748,Medium Risk,Engagement Campaign
JK-16120,2932.484,10,2018-09-04,2015-11-02,293.2484,1037,117,3.51976856316297,3096.4994985535195,22.683014468659596,Medium Risk,Engagement Campaign
JL-15130,1214.956,6,2018-12-22,2015-07-18,202.49266666666665,1253,8,1.74780526735834,1061.7532482043096,-13.69040332322426,Low Risk,Maintain Relationship
JL-15175,1571.523,5,2018-12-24,2015-12-31,314.3046,1089,6,1.6758494031221305,1580.1815289256197,-14.074530337006427,Low Risk,Maintain Relationship
JL-15235,2203.7,5,2018-09-02,2015-05-25,440.74,1196,119,1.5259197324414715,2017.6015886287623,43.837282357859536,High Risk,Targeted Re-engagement
JL-15505,3173.874,6,2018-11-11,2015-11-14,528.9789999999999,1093,49,2.0036596523330283,3179.681637694419,3.8274671491308334,Medium Risk,Engagement Campaign
JL-15835,9576.343,10,2018-12-09,2015-04-18,957.6343,1331,21,2.7422990232907587,7878.358816679189,-18.498661996243424,Low Risk,Maintain Relationship
JL-15850,2725.256,6,2017-04-25,2015-07-22,454.2093333333333,643,614,3.405909797822706,4640.988055987557,272.01270441057545,High Risk,Targeted Re-engagement
JM-15250,3159.1220000000003,6,2018-11-23,2017-03-29,526.5203333333334,604,37,3.625827814569536,5727.216208609272,-18.903721387417217,Low Risk,Maintain Relationship
JM-15265,1804.146,5,2018-11-23,2015-08-25,360.8292,1186,37,1.5387858347386172,1665.7165851602024,2.7789983355817887,Medium Risk,Engagement Campaign
JM-15535,1733.443,7,2018-09-19,2015-09-13,247.6347142857143,1102,102,2.3185117967332123,1722.4320190562612,27.470395628856625,Medium Risk,Engagement Campaign
JM-15580,303.948,5,2018-12-30,2017-04-14,60.78959999999999,625,0,2.92,532.5168959999999,-29.3065033792,Low Risk,Maintain Relationship
JM-15655,864.947,5,2018-12-22,2015-04-08,172.9894,1354,8,1.3478581979320532,699.4955428360413,-9.61848108788774,Low Risk,Maintain Relationship
JM-15865,7625.076000000001,7,2018-09-12,2015-11-19,1089.2965714285715,1028,109,2.485408560311284,8122.041070038911,28.02150618287937,Medium Risk,Engagement Campaign
JM-16195,2833.9260000000004,10,2018-11-03,2015-04-30,283.3926,1283,57,2.84489477786438,2418.666383476228,-0.4326810553390443,Medium Risk,Engagement Campaign
JO-15145,3254.949,9,2018-11-03,2015-01-06,361.661,1397,57,2.351467430207588,2551.302186828919,4.475065260558338,Medium Risk,Engagement Campaign
JO-15280,1934.272,6,2018-09-29,2015-03-31,322.3786666666667,1278,92,1.7136150234741785,1657.298779342723,28.532390009389676,Medium Risk,Engagement Campaign
JO-15550,1090.838,5,2018-05-29,2016-03-19,218.1676,801,215,2.278401997503121,1491.220486891386,84.41773592759051,High Risk,Targeted Re-engagement
JP-15460,1669.135,7,2018-11-23,2015-08-24,238.44785714285717,1187,37,2.152485256950295,1539.76649115417,-3.3328058677337813,Low Risk,Maintain Relationship
JP-15520,3635.594,7,2018-12-22,2015-08-22,519.3705714285715,1218,8,2.0977011494252875,3268.452733990148,-17.630702041050903,Low Risk,Maintain Relationship
JP-16135,1707.71,9,2018-09-19,2015-09-23,189.7455555555556,1092,102,3.008241758241758,1712.401510989011,20.575102115384613,Medium Risk,Engagement Campaign
JR-15670,1156.658,2,2017-05-16,2016-12-24,578.329,143,593,2.0,3469.974,275.8060052,High Risk,Targeted Re-engagement
JR-15700,863.88,1,2018-10-23,2018-10-23,863.88,1,68,1.0,2591.64,23.481672,Medium Risk,Engagement Campaign
JR-16210,2201.686,5,2018-11-27,2016-09-18,440.33720000000005,800,33,2.28125,3013.5577125000004,-6.9152115425,Low Risk,Maintain Relationship
JS-15595,1417.654,4,2018-09-02,2015-03-03,354.4135,1279,119,1.1415168100078186,1213.706903831118,47.84209051915559,High Risk,Targeted Re-engagement
JS-15685,990.196,3,2018-11-18,2017-06-14,330.0653333333333,522,42,2.0977011494252875,2077.135287356321,-0.3924385517241385,Medium Risk,Engagement Campaign
JS-15880,3868.02,5,2017-07-14,2015-04-08,773.604,828,534,2.2041062801932365,5115.316304347826,243.93587393719807,High Risk,Targeted Re-engagement
JS-15940,469.169,5,2017-09-23,2015-05-03,93.8338,874,463,2.088100686498856,587.8032665903891,210.50143248169337,High Risk,Targeted Re-engagement
JS-16030,2516.494,6,2018-12-02,2015-02-27,419.4156666666667,1374,28,1.593886462882096,2005.502860262009,-2.339965200873364,Low Risk,Maintain Relationship
JW-15220,7721.714,6,2018-11-18,2016-04-30,1286.9523333333334,932,42,2.3497854077253217,9072.185439914165,-4.312291165236048,Low Risk,Maintain Relationship
JW-15955,1049.2379999999998,6,2018-12-25,2016-08-16,174.87299999999996,861,5,2.543554006968641,1334.3967595818813,-23.202419421602787,Low Risk,Maintain Relationship
JW-16075,1428.731,4,2017-09-25,2016-03-21,357.18275,553,461,2.640144665461121,2829.0423960216995,203.53274486618443,High Risk,Targeted Re-engagement
KA-16525,1519.506,7,2018-11-24,2015-03-11,217.07228571428573,1354,36,1.8870014771048744,1228.8471713441654,-1.1157842053175773,Medium Risk,Engagement Campaign
KB-16240,3152.615,7,2018-12-26,2015-03-31,450.3735714285714,1366,4,1.870424597364568,2527.1694180087848,-17.209679857247437,Low Risk,Maintain Relationship
KB-16315,1569.464,9,2018-03-09,2015-08-26,174.3848888888889,926,296,3.547516198704104,1855.8996544276456,112.15365808207343,High Risk,Targeted Re-engagement
KB-16405,908.821,3,2018-09-04,2016-11-20,302.94033333333334,653,117,1.67687595712098,1523.980084226646,41.42644441194487,High Risk,Targeted Re-engagement
KB-16585,2744.742,12,2018-05-14,2015-04-04,228.72850000000005,1136,230,3.8556338028169015,2645.680008802817,75.91452597007041,High Risk,Targeted Re-engagement
KB-16600,983.922,7,2018-12-29,2015-12-30,140.56028571428573,1095,1,2.333333333333333,983.922,-23.03011773333333,Low Risk,Maintain Relationship
KC-16255,2120.954,6,2017-11-18,2015-09-08,353.49233333333336,802,407,2.7306733167082293,2895.816246882793,175.61410358354115,High Risk,Targeted Re-engagement
KC-16540,3908.262,4,2018-09-24,2016-11-02,977.0655,691,97,2.11287988422576,6193.266121562952,26.132547933429816,Medium Risk,Engagement Campaign
KC-16675,1146.05,4,2018-11-03,2015-12-13,286.5125,1056,57,1.3825757575757576,1188.3757102272727,14.43656728219697,Medium Risk,Engagement Campaign
KD-16270,8282.358,5,2017-09-02,2015-11-11,1656.4716,661,484,2.760968229954614,13720.396384266263,211.6462384236006,High Risk,Immediate Retention Campaign
KD-16345,1888.964,6,2018-11-19,2015-09-02,314.82733333333334,1174,41,1.8654173764906303,1761.8531345826236,1.4934556081771715,Medium Risk,Engagement Campaign
KD-16495,8181.256,12,2018-09-09,2015-09-28,681.7713333333334,1077,112,4.066852367688022,8317.99008356546,13.667878306406688,Medium Risk,Engagement Campaign
KD-16615,907.158,4,2018-03-16,2017-04-30,226.7895,320,289,4.0,2721.474,103.9557052,High Risk,Targeted Re-engagement
KE-16420,1453.2812,7,2018-12-04,2015-06-08,207.6116,1275,26,2.003921568627451,1248.1120894117648,-7.288838104156863,Low Risk,Maintain Relationship
KF-16285,10604.266,7,2018-09-24,2015-09-26,1514.895142857143,1094,97,2.3354661791590496,10613.959113345523,23.0225463857404,Medium Risk,Engagement Campaign
KH-16330,3312.864,8,2018-11-20,2015-04-01,414.108,1329,40,2.197140707298721,2729.5606320541765,-2.517319199398047,Low Risk,Maintain Relationship
KH-16360,3100.612,6,2018-12-29,2015-04-29,516.7686666666667,1340,1,1.6343283582089552,2533.7090597014926,-16.35002539402985,Low Risk,Maintain Relationship
KH-16510,5229.695000000001,6,2018-12-08,2015-08-15,871.6158333333334,1211,22,1.8084227910817503,4728.749814203138,-8.029977873658131,Low Risk,Maintain Relationship
KH-16630,3918.966,9,2018-11-02,2015-11-01,435.4406666666667,1097,58,2.9945305378304465,3911.821121239745,-1.7276696025524134,Low Risk,Maintain Relationship
KH-16690,5990.799,7,2018-12-28,2015-03-21,855.8284285714286,1378,2,1.854136429608128,4760.468000725689,-18.493457896226413,Low Risk,Maintain Relationship
KL-16555,5016.488,8,2018-12-14,2015-06-15,627.061,1278,16,2.2848200312989047,4298.164600938968,-15.70783323317684,Low Risk,Maintain Relationship
KL-16645,14175.229,12,2018-11-13,2015-07-25,1181.2690833333334,1207,47,3.628831814415907,12859.880492957744,-15.36029424275062,Low Risk,Maintain Relationship
KM-16225,2260.958,6,2018-12-16,2016-07-06,376.82633333333337,893,14,2.452407614781635,2772.395307950728,-18.078555209406492,Low Risk,Maintain Relationship
KM-16375,5620.186,8,2018-11-04,2015-07-20,702.52325,1203,56,2.427265170407315,5115.630648379052,2.704222166251038,Medium Risk,Engagement Campaign
KM-16660,453.538,5,2018-12-15,2015-12-22,90.7076,1089,15,1.6758494031221305,456.0368319559229,-9.349701397612488,Low Risk,Maintain Relationship
KM-16720,4909.472,8,2018-12-02,2015-03-30,613.684,1343,28,2.1742367833209237,4002.882978406552,-8.542944428890543,Low Risk,Maintain Relationship
KN-16390,2224.086,8,2018-12-11,2015-12-02,278.01075000000003,1105,19,2.642533936651584,2203.958524886878,-17.36613107149321,Low Risk,Maintain Relationship
KN-16450,2171.962,5,2018-11-08,2015-04-12,434.3924,1306,52,1.39739663093415,1821.055428790199,11.66182260490046,Medium Risk,Engagement Campaign
KN-16705,2003.01,7,2018-09-23,2015-03-02,286.14428571428573,1301,98,1.9638739431206764,1685.8539200614914,29.024089784780937,Medium Risk,Engagement Campaign
KS-16300,88.472,3,2018-03-10,2016-01-13,29.490666666666662,787,295,1.3913595933926304,123.0963659466328,133.56178479288437,High Risk,Targeted Re-engagement
KT-16465,3057.1,7,2017-12-04,2015-09-08,436.7285714285714,818,391,3.1234718826405867,4092.3282396088016,163.44681552567238,High Risk,Targeted Re-engagement
KT-16480,4642.088400000001,10,2018-09-21,2015-03-10,464.20884000000007,1291,100,2.8272656855151044,3937.325172734315,20.939878110302093,Medium Risk,Engagement Campaign
KW-16435,4416.52,5,2018-09-25,2016-08-24,883.3039999999999,762,96,2.39501312335958,6346.57401574803,22.7805539632546,Medium Risk,Engagement Campaign
KW-16570,449.096,4,2016-11-20,2015-09-30,112.274,417,770,3.5011990407673856,1179.2808633093523,349.75215341966424,High Risk,Targeted Re-engagement
LA-16780,8673.222,11,2018-07-29,2015-04-29,788.4747272727273,1187,154,3.382476832350464,8000.992493681551,41.57503317775905,High Risk,Targeted Re-engagement
LB-16735,50.188,3,2018-11-12,2017-07-25,16.729333333333333,475,48,2.3052631578947365,115.69654736842104,0.9242291115789528,Medium Risk,Engagement Campaign
LB-16795,4985.676,8,2018-07-31,2015-04-23,623.2095,1195,152,2.443514644351464,4568.464619246862,50.65116063263599,High Risk,Targeted Re-engagement
LC-16870,2580.704,8,2018-12-03,2016-05-03,322.588,944,27,3.0932203389830506,2993.5072881355927,-18.030904847457624,Low Risk,Maintain Relationship
LC-16885,7663.126,12,2018-12-14,2015-04-25,638.5938333333334,1329,16,3.295711060948081,6313.862279909707,-26.21988306546276,Low Risk,Maintain Relationship
LC-16930,4492.946,8,2018-11-19,2015-02-20,561.61825,1368,41,2.134502923976608,3596.3273903508766,-1.5642947178362565,Low Risk,Maintain Relationship
LC-16960,3246.626,4,2017-10-20,2016-02-23,811.6565,605,436,2.413223140495868,5876.1247438016535,192.692543646281,High Risk,Targeted Re-engagement
LC-17050,2095.064,5,2018-11-06,2015-01-31,419.0128,1375,54,1.3272727272727274,1668.4327854545454,13.393586170181818,Medium Risk,Engagement Campaign
LC-17140,2633.582,9,2018-12-17,2015-09-09,292.6202222222222,1195,13,2.748953974895397,2413.198569037657,-21.472179462761503,Low Risk,Maintain Relationship
LD-16855,5.304,1,2017-06-26,2017-06-26,5.304,1,552,1.0,15.912,265.9968176,High Risk,Targeted Re-engagement
LD-17005,1961.934,4,2017-11-11,2015-09-29,490.4835,774,414,1.886304909560724,2775.6043023255816,187.58183004392765,High Risk,Targeted Re-engagement
LE-16810,1469.45,6,2018-12-09,2015-05-27,244.90833333333333,1292,21,1.695046439628483,1245.392995356037,-6.699542995356037,Low Risk,Maintain Relationship
LF-17185,3930.509,7,2018-12-08,2015-07-26,561.5012857142857,1231,22,2.0755483346872463,3496.2691754671,-10.454737181965884,Low Risk,Maintain Relationship
LH-16750,287.426,3,2018-08-01,2015-09-21,95.80866666666668,1045,151,1.0478468899521531,301.17844019138755,64.9612954124402,High Risk,Targeted Re-engagement
LH-16900,2295.332,9,2018-12-09,2015-08-19,255.03688888888888,1208,21,2.7193708609271523,2080.6196523178805,-17.109832539735102,Low Risk,Maintain Relationship
LH-17020,318.239,4,2018-05-05,2015-09-08,79.55975,970,239,1.5051546391752575,359.24918041237106,104.37660377216494,High Risk,Targeted Re-engagement
LH-17155,1739.689,9,2017-12-10,2015-12-12,193.2987777777778,729,385,4.506172839506173,2613.113106995885,146.9156489835391,High Risk,Targeted Re-engagement
LL-16840,2454.554,5,2018-04-25,2015-04-29,490.9108,1092,249,1.671245421245421,2461.29728021978,107.29528633150184,High Risk,Targeted Re-engagement
LM-17065,1346.774,5,2017-12-04,2015-06-27,269.35479999999995,891,391,2.048260381593715,1655.126296296296,174.68637092480358,High Risk,Targeted Re-engagement
LO-17170,644.35,5,2018-12-28,2016-02-06,128.87,1056,2,1.728219696969697,668.1470170454546,-16.41582637310606,Low Risk,Maintain Relationship
LP-17080,756.606,4,2018-11-20,2015-06-24,189.1515,1245,40,1.172690763052209,665.4486506024098,8.140002639357428,Medium Risk,Engagement Campaign
LP-17095,3104.439,6,2018-12-21,2017-09-08,517.4064999999999,469,9,4.669509594882729,7248.103848614072,-43.64471671855011,Low Risk,Maintain Relationship
LR-16915,5142.892,6,2018-12-04,2015-08-08,857.1486666666666,1214,26,1.8039538714991763,4638.769967051071,-5.9672927084019785,Low Risk,Maintain Relationship
LR-17035,1879.306,5,2018-08-20,2015-09-07,375.8612,1078,132,1.6929499072356216,1908.942551020408,48.6887124174397,High Risk,Targeted Re-engagement
LS-16945,2845.27,6,2018-07-05,2016-04-25,474.2116666666666,801,178,2.7340823970037453,3889.601310861424,60.88125576779026,High Risk,Targeted Re-engagement
LS-16975,2988.674,9,2018-12-10,2015-10-20,332.0748888888889,1147,20,2.863993025283348,2853.180496948562,-19.210566352223196,Low Risk,Maintain Relationship
LS-17200,1010.256,6,2018-09-25,2015-10-18,168.376,1073,96,2.0410065237651445,1030.96954333644,27.383740853681267,Medium Risk,Engagement Campaign
LS-17230,368.88000000000005,3,2016-11-14,2015-01-06,122.96000000000002,678,776,1.6150442477876108,595.757522123894,371.7304060176991,High Risk,Targeted Re-engagement
LS-17245,1008.136,6,2018-11-26,2015-10-16,168.02266666666668,1137,34,1.926121372031662,970.896147757256,-2.4553929498680733,Low Risk,Maintain Relationship
LT-16765,329.876,3,2018-12-04,2015-09-01,109.95866666666666,1190,26,0.9201680672268908,303.5413613445378,3.7376110554621857,Medium Risk,Engagement Campaign
LT-17110,2936.252,8,2018-11-26,2015-06-01,367.0315,1274,34,2.291993720565149,2523.7016797488222,-6.424677541601254,Low Risk,Maintain Relationship
LW-16825,2238.061,5,2018-10-03,2015-05-30,447.6122,1222,88,1.493453355155483,2005.4638256955811,28.664373683306057,Medium Risk,Engagement Campaign
LW-16990,3230.308,6,2018-11-27,2017-05-05,538.3846666666667,571,33,3.8353765323993,6194.723747810859,-23.09271007355517,Low Risk,Maintain Relationship
LW-17125,1259.04,3,2018-06-08,2015-09-11,419.68,1001,205,1.0939060939060938,1377.2715284715284,91.28548475524477,High Risk,Targeted Re-engagement
LW-17215,5420.514,7,2018-12-09,2015-09-12,774.3591428571428,1184,21,2.157939189189189,5013.059822635135,-12.082003856418918,Low Risk,Maintain Relationship
MA-17560,4299.161,11,2018-10-27,2015-08-08,390.8328181818182,1176,64,3.4141156462585034,4003.045318877552,-2.9417655263605407,Low Risk,Maintain Relationship
MA-17995,2453.284,6,2018-06-27,2015-09-20,408.8806666666667,1011,186,2.166172106824926,2657.1176854599407,70.80685539465877,High Risk,Targeted Re-engagement
MB-17305,1548.702,10,2018-11-12,2015-08-08,154.8702,1192,48,3.062080536912752,1422.675075503356,-6.905340384228191,Low Risk,Maintain Relationship
MB-18085,1428.231,7,2018-11-16,2015-01-05,204.033,1411,44,1.810772501771793,1108.3720375620128,3.670600574769665,Medium Risk,Engagement Campaign
MC-17275,2725.982,8,2018-10-15,2015-09-08,340.74775,1133,76,2.5772285966460724,2634.55453662842,11.700803126213591,Medium Risk,Engagement Campaign
MC-17425,4432.138,5,2017-11-26,2015-05-30,886.4276,911,399,2.003293084522503,5327.322843029639,178.40160458616904,High Risk,Targeted Re-engagement
MC-17575,1303.893,8,2018-12-03,2015-12-02,162.986625,1097,27,2.661804922515953,1301.515802187785,-13.37835238559708,Low Risk,Maintain Relationship
MC-17590,2426.067,6,2018-11-09,2015-05-20,404.3445,1269,51,1.7257683215130024,2093.4147872340427,7.823633827423169,Medium Risk,Engagement Campaign
MC-17605,2258.192,8,2018-09-09,2015-03-19,282.274,1270,112,2.2992125984251968,1947.023811023622,32.6184692535433,Medium Risk,Engagement Campaign
MC-17635,795.154,4,2018-06-24,2015-11-28,198.7885,939,189,1.554845580404686,927.2562619808308,78.76609294355698,High Risk,Targeted Re-engagement
MC-17845,3805.714,7,2018-12-29,2015-07-05,543.6734285714285,1273,1,2.007069913589945,3273.5717439120185,-20.22541348468185,Low Risk,Maintain Relationship
MC-18100,2218.98,10,2018-11-19,2015-06-18,221.898,1250,41,2.92,1943.82648,-9.088765296,Low Risk,Maintain Relationship
MC-18130,1581.9979999999998,5,2017-12-26,2015-09-19,316.3996,829,369,2.201447527141134,2089.611351025332,162.06760245838362,High Risk,Targeted Re-engagement
MD-17350,2716.412,6,2018-09-04,2015-11-05,452.7353333333333,1034,117,2.117988394584139,2876.664545454545,36.7447831450677,Medium Risk,Engagement Campaign
MD-17860,1204.91,5,2018-11-24,2015-12-02,240.98200000000003,1088,36,1.6773897058823528,1212.6621783088235,0.9835705055147064,Medium Risk,Engagement Campaign
ME-17320,10663.728,10,2018-11-18,2015-01-06,1066.3728,1412,42,2.584985835694051,8269.675750708215,-6.503793507082151,Low Risk,Maintain Relationship
ME-17725,1908.4532,8,2018-12-02,2015-07-12,238.55665,1239,28,2.356739305891848,1686.6475012106534,-9.90472255916061,Low Risk,Maintain Relationship
ME-18010,1256.944,4,2018-09-29,2015-07-21,314.236,1166,92,1.2521440823327616,1180.406243567753,33.24247792795883,Medium Risk,Engagement Campaign
MF-17665,937.039,5,2017-11-04,2015-12-30,187.4078,675,421,2.703703703703704,1520.085488888889,183.1589458651852,High Risk,Targeted Re-engagement
MF-18250,1758.3,5,2018-12-23,2015-09-15,351.66,1195,7,1.5271966527196652,1611.1619246861924,-12.09419891213389,Low Risk,Maintain Relationship
MG-17650,3785.276,7,2018-12-01,2015-08-09,540.7537142857143,1210,29,2.1115702479338845,3425.518363636364,-7.300806152066116,Low Risk,Maintain Relationship
MG-17680,2350.188,4,2018-09-29,2015-10-22,587.547,1073,92,1.3606710158434296,2398.3745200372787,31.913614937558247,Medium Risk,Engagement Campaign
MG-17695,1342.282,3,2017-06-23,2015-12-26,447.4273333333333,545,555,2.0091743119266057,2696.878513761468,256.8688811779816,High Risk,Targeted Re-engagement
MG-17875,1242.833,5,2018-09-05,2015-02-23,248.5666,1290,116,1.4147286821705427,1054.9628953488373,43.6417205992248,High Risk,Targeted Re-engagement
MG-17890,776.384,9,2018-09-22,2015-12-29,86.26488888888889,998,99,3.291583166332665,851.8441683366733,16.413799503006015,Medium Risk,Engagement Campaign
MG-18145,3061.543,4,2018-10-07,2015-03-29,765.38575,1288,84,1.133540372670807,2602.786944875776,30.14403888431677,Medium Risk,Engagement Campaign
MG-18205,16.739,1,2018-04-10,2018-04-10,16.739,1,264,1.0,50.217,121.9899566,High Risk,Targeted Re-engagement
MH-17290,1691.505,5,2018-03-11,2015-04-26,338.30100000000004,1050,294,1.738095238095238,1763.9980714285716,129.2662480047619,High Risk,Targeted Re-engagement
MH-17440,400.016,4,2017-12-19,2015-02-04,100.004,1049,376,1.391801715919924,417.55721639656826,173.99847139752146,High Risk,Targeted Re-engagement
MH-17455,2146.694,7,2018-07-13,2015-07-11,306.6705714285714,1098,170,2.3269581056466304,2140.828715846995,61.30225320036429,High Risk,Targeted Re-engagement
MH-17620,1252.8,4,2018-07-28,2016-12-05,313.2,600,155,2.4333333333333336,2286.36,52.70939466666666,High Risk,Targeted Re-engagement
MH-17785,2203.778,7,2018-09-23,2015-05-27,314.82542857142863,1215,98,2.102880658436214,1986.1209135802476,27.57396923292181,Medium Risk,Engagement Campaign
MH-18025,2984.948,5,2018-11-11,2015-07-08,596.9896,1222,49,1.493453355155483,2674.728363338789,9.030520775777411,Medium Risk,Engagement Campaign
MH-18115,5503.093,9,2018-12-25,2017-08-23,611.4547777777777,489,5,6.7177914110429455,12322.876963190183,-67.1424895030675,Low Risk,Maintain Relationship
MJ-17740,6320.746,7,2018-12-08,2016-06-09,902.9637142857144,912,22,2.8015350877192984,7589.053585526316,-18.53316159429825,Low Risk,Maintain Relationship
MK-17905,2302.368,8,2018-12-02,2015-11-18,287.796,1110,28,2.6306306306306304,2271.2549189189185,-12.760557290090087,Low Risk,Maintain Relationship
MK-18160,1031.602,4,2018-05-04,2015-12-19,257.9005,867,240,1.6839677047289503,1302.8883391003462,102.8997452848904,High Risk,Targeted Re-engagement
ML-17395,2722.843,9,2018-10-22,2015-02-14,302.5381111111111,1346,69,2.440564635958395,2215.091445022288,9.651335351411593,Medium Risk,Engagement Campaign
ML-17410,2885.26,5,2018-11-06,2015-11-14,577.052,1088,54,1.6773897058823528,2903.8232536764704,9.645338290441178,Medium Risk,Engagement Campaign
ML-17755,2071.914,7,2018-12-01,2017-08-04,295.9877142857143,484,29,5.278925619834711,4687.49138429752,-39.22675447520661,Low Risk,Maintain Relationship
ML-18040,742.082,3,2018-10-12,2018-03-26,247.36066666666667,200,79,3.0,2226.246,9.0547508,Medium Risk,Engagement Campaign
ML-18265,162.232,2,2018-09-21,2016-05-31,81.116,843,100,0.8659549228944247,210.7283985765125,41.29830509134045,Medium Risk,Engagement Campaign
MM-17260,1314.023,4,2018-07-15,2015-05-28,328.50575,1144,168,1.2762237762237765,1257.7405463286714,70.9862141284965,High Risk,Targeted Re-engagement
MM-17920,3640.256,10,2018-12-23,2015-01-13,364.02560000000005,1440,7,2.5347222222222223,2768.111333333334,-22.40084448888889,Low Risk,Maintain Relationship
MM-18055,2749.881,8,2018-10-30,2015-04-11,343.735125,1298,61,2.249614791987673,2319.8148651771958,7.539889107087827,Medium Risk,Engagement Campaign
MM-18280,775.414,9,2018-10-06,2015-01-20,86.1571111111111,1355,85,2.4243542435424352,626.6260738007379,18.1311323498155,Medium Risk,Engagement Campaign
MN-17935,2477.946,6,2018-11-26,2015-02-16,412.991,1379,34,1.588107324147933,1967.622095721537,0.7254023393763593,Medium Risk,Engagement Campaign
MO-17500,922.487,4,2018-10-19,2015-11-28,230.62175,1056,72,1.3825757575757576,956.5561221590908,21.982931199810604,Medium Risk,Engagement Campaign
MO-17800,1687.0269999999998,8,2018-09-17,2016-09-17,210.878375,730,104,4.0,2530.5405,11.4938919,Medium Risk,Engagement Campaign
MO-17950,154.288,2,2018-07-03,2016-04-02,77.144,822,180,0.8880778588807786,205.5296350364964,81.07811548418492,High Risk,Targeted Re-engagement
MP-17470,2945.822,6,2017-01-11,2015-03-30,490.9703333333334,653,718,3.35375191424196,4939.77808575804,324.4745252404288,High Risk,Targeted Re-engagement
MP-17965,3983.642,9,2018-10-19,2016-04-18,442.6268888888889,914,72,3.5940919037199124,4772.525153172866,-0.8954240678336962,Medium Risk,Engagement Campaign
MP-18175,4757.332,8,2018-12-14,2015-11-25,594.6665,1115,16,2.618834080717489,4671.99869058296,-19.12274054529148,Low Risk,Maintain Relationship
MR-17545,639.178,4,2018-08-27,2015-09-03,159.7945,1089,125,1.3406795224977044,642.6996418732783,48.9646648466483,High Risk,Targeted Re-engagement
MS-17365,7443.69,10,2018-04-01,2015-09-09,744.369,935,273,3.903743315508021,8717.476524064172,95.71907154010697,High Risk,Targeted Re-engagement
MS-17530,475.656,4,2017-10-22,2015-11-04,118.914,718,434,2.033426183844011,725.4085236768801,196.5206564568245,High Risk,Targeted Re-engagement
MS-17710,1613.402,6,2017-11-12,2015-03-24,268.9003333333333,964,413,2.2717842323651456,1832.650612033195,183.4156275539419,High Risk,Targeted Re-engagement
MS-17770,3144.678,9,2018-08-31,2015-07-04,349.40866666666665,1154,121,2.846620450606585,2983.901568457539,31.43701518024264,Medium Risk,Engagement Campaign
MS-17830,370.348,4,2017-10-04,2015-01-09,92.587,999,452,1.4614614614614614,405.936996996997,211.304197985986,High Risk,Targeted Re-engagement
MS-17980,855.116,6,2018-12-04,2015-06-30,142.51933333333332,1253,26,1.74780526735834,747.2881245011971,-4.627510298483638,Low Risk,Maintain Relationship
MT-17815,2890.139,6,2018-11-11,2016-11-06,481.68983333333335,735,49,2.9795918367346936,4305.717285714285,-6.157061824489793,Low Risk,Maintain Relationship
MT-18070,1319.4498,4,2018-06-10,2015-09-25,329.86245,989,203,1.4762386248736097,1460.8670687563197,86.44544033751265,High Risk,Targeted Re-engagement
MV-17485,1560.05,9,2018-12-03,2015-01-20,173.33888888888887,1413,27,2.32484076433121,1208.9559447983013,-9.99019883227176,Low Risk,Maintain Relationship
MV-18190,1734.574,7,2018-12-11,2015-01-30,247.7962857142857,1411,19,1.810772501771793,1346.1081006378456,-8.876946637845501,Low Risk,Maintain Relationship
MW-18220,5341.900000000001,7,2018-12-13,2015-08-25,763.1285714285715,1206,17,2.1185737976782755,4850.232587064677,-13.65578449419569,Low Risk,Maintain Relationship
MW-18235,5253.876,2,2018-11-16,2015-05-21,2626.938,1275,44,0.5725490196078431,4512.152329411765,15.372079338039214,Medium Risk,Engagement Campaign
MY-17380,2254.285,7,2018-12-01,2016-10-26,322.0407142857143,766,29,3.3355091383812008,3222.509236292428,-19.49959323107049,Low Risk,Maintain Relationship
MY-18295,3601.88,10,2018-10-20,2015-04-28,360.188,1271,71,2.871754523996853,3103.114555468136,6.161831848937843,Medium Risk,Engagement Campaign
MZ-17335,593.606,4,2018-11-30,2016-11-08,148.4015,752,30,1.941489361702128,864.359800531915,-4.58776557712766,Low Risk,Maintain Relationship
MZ-17515,2564.906,6,2018-03-23,2015-04-04,427.4843333333333,1084,282,2.02029520295203,2590.9336439114395,120.2788612416974,High Risk,Targeted Re-engagement
NB-18580,273.872,2,2015-10-22,2015-09-26,136.93599999999998,26,1165,2.0,821.6159999999999,562.3356768,High Risk,Targeted Re-engagement
NB-18655,1972.599,9,2018-12-11,2015-12-05,219.17766666666665,1102,19,2.9809437386569875,1960.0688793103448,-20.701451162431944,Low Risk,Maintain Relationship
NC-18340,2461.404,5,2018-05-20,2015-03-30,492.2808,1147,224,1.5911072362685266,2349.814629468178,95.6189647114211,High Risk,Targeted Re-engagement
NC-18415,2218.99,6,2018-11-19,2015-05-03,369.8316666666667,1296,41,1.6898148148148149,1874.8410879629632,3.2268836342592584,Medium Risk,Engagement Campaign
NC-18535,8241.739,7,2018-12-24,2015-07-23,1177.3912857142857,1250,6,2.044,7219.763363999999,-18.8839526728,Low Risk,Maintain Relationship
NC-18625,1821.742,5,2018-06-09,2015-10-29,364.3484,954,204,1.9129979035639413,2090.9931761006287,82.45182232914047,High Risk,Targeted Re-engagement
ND-18370,4326.139,9,2018-12-03,2015-01-13,480.6821111111111,1420,27,2.313380281690141,3336.001552816901,-10.301003127464789,Low Risk,Maintain Relationship
ND-18460,2893.455,6,2018-06-30,2015-02-06,482.2425,1240,183,1.7661290322580647,2555.107439516129,73.32768818951614,High Risk,Targeted Re-engagement
NF-18385,8080.474,6,2018-10-12,2015-02-11,1346.7456666666667,1339,79,1.6355489171023152,6608.005250186707,21.822909778939508,Medium Risk,Engagement Campaign
NF-18475,377.162,4,2017-07-23,2015-03-14,94.2905,862,525,1.6937354988399074,479.1095011600929,245.4668231113689,High Risk,Targeted Re-engagement
NF-18595,2031.472,7,2018-09-07,2015-04-19,290.2102857142857,1237,114,2.0654810024252224,1798.271495553759,35.98553567663702,Medium Risk,Engagement Campaign
NG-18355,1869.58,5,2018-11-12,2015-11-24,373.916,1084,48,1.683579335793358,1888.551752767528,6.786496291512916,Medium Risk,Engagement Campaign
NG-18430,1395.938,5,2018-11-12,2015-11-24,279.1876,1084,48,1.683579335793358,1410.1034225092249,6.882185957564577,Medium Risk,Engagement Campaign
NH-18610,2518.666,6,2018-06-24,2016-09-19,419.7776666666666,643,189,3.405909797822706,4289.174603421461,59.58306710108865,High Risk,Targeted Re-engagement
NK-18490,572.048,7,2018-10-21,2016-05-28,81.72114285714285,876,70,2.916666666666667,715.0600000000001,5.690321333333329,Medium Risk,Engagement Campaign
NL-18310,1418.09,4,2018-11-02,2015-10-31,354.52250000000004,1098,58,1.3296903460837888,1414.2154371584702,15.42025345173042,Medium Risk,Engagement Campaign
NM-18445,6459.344,7,2018-07-23,2015-02-08,922.7634285714286,1261,160,2.0261697065820776,5609.02591593973,58.61649775099128,High Risk,Targeted Re-engagement
NM-18520,2161.979,10,2018-04-30,2016-09-08,216.1979,599,244,6.093489148580968,3952.1986727879794,60.27466877963273,High Risk,Targeted Re-engagement
NP-18325,5529.62,6,2018-12-05,2015-05-13,921.6033333333334,1302,25,1.6820276497695854,4650.486866359448,-5.250373870967744,Low Risk,Maintain Relationship
NP-18670,3908.402,5,2018-11-02,2016-02-27,781.6804,979,58,1.86414708886619,4371.5017262512765,9.484228766087844,Medium Risk,Engagement Campaign
NP-18685,1164.73,5,2017-11-19,2015-03-07,232.946,988,406,1.847165991902834,1290.8697874493928,184.27016612348177,High Risk,Targeted Re-engagement
NP-18700,7903.1825,7,2018-08-14,2015-09-05,1129.0260714285714,1074,138,2.3789571694599627,8057.714001396647,43.59888550512104,High Risk,Targeted Re-engagement
NR-18550,2367.277,5,2018-06-03,2015-06-07,473.4554,1092,210,1.671245421245421,2373.780508241758,87.81278968589743,High Risk,Targeted Re-engagement
NS-18505,2575.863,4,2018-12-24,2017-11-24,643.96575,395,6,3.696202531645569,7140.683506329113,-35.390162017721515,Low Risk,Maintain Relationship
NS-18640,2857.753,12,2018-07-09,2015-06-25,238.1460833333333,1110,174,3.9459459459459456,2819.134716216216,46.976713597297305,High Risk,Targeted Re-engagement
NW-18400,7234.014,7,2018-07-11,2015-06-21,1033.4305714285715,1116,172,2.2894265232974917,7097.890080645163,61.68615675089605,High Risk,Targeted Re-engagement
NZ-18565,2488.31,9,2018-10-06,2015-08-02,276.4788888888889,1161,85,2.8294573643410854,2346.855684754522,13.736055219638242,Medium Risk,Engagement Campaign
ON-18715,1567.52,9,2017-11-15,2015-09-13,174.1688888888889,794,410,4.137279596977329,2161.7561712846345,163.1948527959698,High Risk,Targeted Re-engagement
OT-18730,3818.624,5,2018-10-26,2016-04-20,763.7248,919,65,1.985854189336235,4549.938280739934,11.731470450489663,Medium Risk,Engagement Campaign
PA-19060,729.408,6,2018-09-18,2015-05-17,121.568,1220,103,1.7950819672131146,654.6735737704918,33.41824561311476,Medium Risk,Engagement Campaign
PB-18805,740.356,3,2018-12-05,2016-11-20,246.7853333333333,745,25,1.4697986577181208,1088.174255033557,-2.41562142818792,Low Risk,Maintain Relationship
PB-19105,688.324,4,2018-11-03,2015-11-15,172.081,1084,57,1.3468634686346863,695.3088376383764,14.89230354612546,Medium Risk,Engagement Campaign
PB-19150,1456.95,8,2018-09-24,2015-07-14,182.11875,1168,97,2.5,1365.890625,23.226821875,Medium Risk,Engagement Campaign
PB-19210,132.738,2,2017-02-11,2015-11-23,66.369,446,687,1.6367713004484303,325.89262331838563,327.067108470852,High Risk,Targeted Re-engagement
PC-18745,1832.064,4,2018-12-28,2015-12-31,458.016,1093,2,1.3357731015553522,1835.4163586459283,-12.724814287282708,Low Risk,Maintain Relationship
PC-19000,1061.488,2,2016-08-01,2015-04-08,530.744,481,881,1.5176715176715176,2416.485155925156,424.8399877920998,High Risk,Targeted Re-engagement
PF-19120,9062.864,4,2016-09-17,2015-05-05,2265.716,501,834,2.9141716566866265,19808.05604790419,383.8966722235529,High Risk,Immediate Retention Campaign
PF-19165,2770.0,6,2018-06-17,2015-09-20,461.6666666666667,1001,196,2.187812187812188,3030.11988011988,75.51585414585415,High Risk,Targeted Re-engagement
PF-19225,2206.128,5,2018-09-07,2017-06-26,441.22559999999993,438,114,4.166666666666667,5515.32,14.230269333333329,Medium Risk,Engagement Campaign
PG-18820,3086.907,13,2018-11-24,2015-05-09,237.45438461538464,1295,36,3.664092664092664,2610.1646061776064,-19.162959562162165,Low Risk,Maintain Relationship
PG-18895,1987.164,9,2018-11-03,2015-05-11,220.796,1272,57,2.582547169811321,1710.6482547169812,2.332398650943395,Medium Risk,Engagement Campaign
PH-18790,729.648,1,2018-10-21,2018-10-21,729.648,1,70,1.0,2188.944,24.5622112,Medium Risk,Engagement Campaign
PJ-18835,1220.09,8,2018-11-21,2015-05-28,152.51125,1273,39,2.293794186959937,1049.488256087981,-3.647839520816967,Low Risk,Maintain Relationship
PJ-19015,1677.536,6,2018-08-18,2015-04-07,279.58933333333334,1229,134,1.7819365337672906,1494.6313425549229,48.88170839381611,High Risk,Targeted Re-engagement
PK-18910,1441.152,2,2017-09-03,2015-04-04,720.576,883,483,0.826727066817667,1787.1590486976215,232.8752975220838,High Risk,Targeted Re-engagement
PK-19075,8646.934,12,2018-12-21,2015-11-11,720.5778333333333,1136,9,3.8556338028169015,8334.852755281689,-35.72330857922535,Low Risk,Maintain Relationship
PL-18925,239.481,5,2018-12-15,2015-11-01,47.8962,1140,15,1.600877192982456,230.02780263157896,-8.554777490350878,Low Risk,Maintain Relationship
PM-18940,1405.402,3,2017-12-09,2015-05-04,468.4673333333333,950,386,1.1526315789473682,1619.9107263157894,181.1497020652632,High Risk,Targeted Re-engagement
PM-19135,4115.662,4,2018-11-09,2016-12-19,1028.9155,690,51,2.1159420289855078,6531.3766521739135,3.034304379710143,Medium Risk,Engagement Campaign
PN-18775,1467.152,8,2018-11-30,2016-08-07,183.394,845,30,3.4556213017751483,1901.220639053255,-19.936457145562134,Low Risk,Maintain Relationship
PO-18850,7473.8282,11,2018-12-26,2015-11-02,679.4389272727273,1150,4,3.4913043478260866,7116.384242608696,-34.336320326782605,Low Risk,Maintain Relationship
PO-18865,2493.214,7,2018-12-30,2015-03-23,356.1734285714286,1378,0,1.854136429608128,1981.182387518142,-18.937600773584904,Low Risk,Maintain Relationship
PO-19180,4893.043,9,2018-07-23,2016-08-11,543.6714444444444,711,160,4.620253164556962,7535.699135021096,32.29032852742616,Medium Risk,Engagement Campaign
PO-19195,1056.858,5,2018-10-05,2015-01-04,211.3716,1370,86,1.332116788321168,844.7149708029198,29.509889122627737,Medium Risk,Engagement Campaign
PP-18955,7252.608,10,2018-09-24,2015-08-26,725.2608,1125,97,3.2444444444444445,7059.2051200000005,14.643714531555556,Medium Risk,Engagement Campaign
PR-18880,1840.178,5,2018-11-24,2015-09-05,368.0356,1176,36,1.5518707482993197,1713.4310459183675,2.13860630782313,Medium Risk,Engagement Campaign
PS-18760,2181.479,6,2018-09-14,2015-06-15,363.5798333333333,1187,107,1.844987363100253,2012.400593934288,34.64764625021061,Medium Risk,Engagement Campaign
PS-18970,1278.639,8,2018-10-22,2015-04-15,159.829875,1286,69,2.2706065318818043,1088.7322744945568,11.576188226283048,Medium Risk,Engagement Campaign
PS-19045,6843.634,7,2018-05-08,2015-12-20,977.662,870,236,2.936781609195402,8613.539344827586,86.90947603908047,High Risk,Targeted Re-engagement
PT-19090,158.46,3,2018-10-20,2015-09-12,52.82,1134,71,0.9656084656084656,153.01031746031748,25.81331328042328,Medium Risk,Engagement Campaign
PV-18985,2876.046,5,2018-10-02,2015-07-12,575.2092,1178,89,1.5492359932088289,2673.4043887945672,28.472959190152803,Medium Risk,Engagement Campaign
PW-19030,3454.916,10,2018-11-14,2015-05-16,345.4916,1278,46,2.856025039123631,2960.1979812206573,-6.15228998748044,Low Risk,Maintain Relationship
PW-19240,3922.415,7,2017-09-22,2015-11-18,560.345,674,464,3.79080118694362,6372.469473293768,192.81749423590503,High Risk,Targeted Re-engagement
QJ-19255,6108.338,9,2018-12-05,2015-03-17,678.7042222222221,1359,25,2.4172185430463577,4921.729293598233,-12.656531289183224,Low Risk,Maintain Relationship
RA-19285,2617.906,9,2018-12-25,2015-12-13,290.8784444444444,1108,5,2.964801444043321,2587.1904963898915,-27.66545253971119,Low Risk,Maintain Relationship
RA-19885,3546.224,6,2018-11-05,2015-04-08,591.0373333333333,1307,55,1.675592960979342,2971.013986228003,10.14986759296098,Medium Risk,Engagement Campaign
RA-19915,4793.543,9,2018-12-18,2015-06-30,532.6158888888889,1267,12,2.592738752959748,4142.801566692976,-20.75594784293607,Low Risk,Maintain Relationship
RA-19945,1686.9225,5,2018-10-30,2015-08-29,337.3845,1158,61,1.575993091537133,1595.1469235751297,14.421039699913644,Medium Risk,Engagement Campaign
RB-19330,1008.196,2,2018-10-23,2015-11-17,504.098,1071,68,0.6816059757236228,1030.7886274509804,26.97778251727357,Medium Risk,Engagement Campaign
RB-19360,15117.339,6,2018-09-25,2017-04-01,2519.5565,542,96,4.04059040590406,30541.487463099635,1.4857984483394784,Medium Risk,Engagement Campaign
RB-19435,1864.156,7,2018-11-19,2015-03-11,266.308,1349,41,1.893995552260934,1513.1585025945144,1.257412776871759,Medium Risk,Engagement Campaign
RB-19465,4715.466,12,2018-12-21,2015-03-14,392.9555,1378,9,3.178519593613933,3747.05026850508,-28.034605989840347,Low Risk,Maintain Relationship
RB-19570,528.546,5,2018-12-05,2017-04-28,105.7092,586,25,3.114334470989761,987.6414163822526,-18.84087299317406,Low Risk,Maintain Relationship
RB-19645,221.084,5,2017-03-22,2015-08-23,44.2168,577,648,3.1629116117850957,419.5614904679376,292.28697158405544,High Risk,Targeted Re-engagement
RB-19705,2067.45,4,2018-11-06,2016-08-22,516.8625,806,54,1.8114143920595531,2808.7565136476424,8.324104776674938,Medium Risk,Engagement Campaign
RB-19795,5633.316000000001,8,2018-11-28,2015-06-03,704.1645000000001,1274,32,2.291993720565149,4841.821836734694,-7.8883015729984285,Low Risk,Maintain Relationship
RC-19825,966.409,6,2017-12-26,2015-12-05,161.06816666666666,752,369,2.9122340425531914,1407.2045944148936,155.0962186555851,High Risk,Targeted Re-engagement
RC-19960,652.644,4,2018-09-11,2015-08-25,163.161,1113,110,1.311769991015274,642.0891105121294,41.75388226774484,High Risk,Targeted Re-engagement
RD-19480,4272.93,8,2018-10-19,2015-06-08,534.11625,1229,72,2.375915378356387,3807.0450366151344,11.479437209113105,Medium Risk,Engagement Campaign
RD-19585,2832.904,9,2018-07-03,2015-04-02,314.7671111111111,1188,180,2.765151515151515,2611.1362626262626,61.82625759595959,High Risk,Targeted Re-engagement
RD-19660,2745.892,4,2018-09-07,2016-10-24,686.473,683,114,2.1376281112737923,4402.271947291361,34.74326449780381,Medium Risk,Engagement Campaign
RD-19720,1419.737,10,2018-12-09,2015-07-20,141.9737,1238,21,2.948303715670436,1255.7447617124394,-19.23418610904685,Low Risk,Maintain Relationship
RD-19810,1137.616,8,2018-12-16,2015-10-27,142.202,1146,14,2.5479930191972078,1086.9891099476438,-18.6973280139616,Low Risk,Maintain Relationship
RD-19900,3133.924,9,2018-09-07,2015-04-05,348.2137777777777,1251,114,2.62589928057554,2743.1229256594725,30.19238260911271,Medium Risk,Engagement Campaign
RD-19930,970.942,4,2018-11-18,2015-10-03,242.73550000000003,1142,42,1.2784588441331,930.9820402802104,8.02921515061296,Medium Risk,Engagement Campaign
RE-19405,48.36,1,2015-12-29,2015-12-29,48.36,1,1097,1.0,145.07999999999998,538.470984,High Risk,Targeted Re-engagement
RE-19450,666.52,4,2018-03-03,2016-08-15,166.63,565,302,2.584070796460177,1291.751150442478,124.90094180530974,High Risk,Targeted Re-engagement
RF-19345,3309.15,8,2017-12-05,2015-05-20,413.64375,930,390,3.139784946236559,3896.257258064516,162.8228990860215,High Risk,Targeted Re-engagement
RF-19735,2341.2960000000003,7,2018-10-02,2015-08-06,334.4708571428572,1153,89,2.215958369470945,2223.520485689506,21.895712208152645,Medium Risk,Engagement Campaign
RF-19840,938.862,7,2018-12-24,2015-11-12,134.12314285714285,1138,6,2.2451669595782078,903.386546572935,-19.632346905096657,Low Risk,Maintain Relationship
RH-19495,3621.376,5,2018-11-28,2015-08-23,724.2751999999999,1193,32,1.5297569153394803,3323.8949874266555,0.0376518491198651,Medium Risk,Engagement Campaign
RH-19510,6979.18,6,2017-09-19,2015-11-16,1163.1966666666667,673,467,3.2540861812778603,11355.42659732541,198.68805286775637,High Risk,Immediate Retention Campaign
RH-19555,740.382,2,2017-07-29,2016-12-04,370.191,237,519,2.0,2221.146,239.0557708,High Risk,Targeted Re-engagement
RH-19600,2085.74,3,2017-07-14,2016-07-02,695.2466666666668,377,534,2.9045092838196283,6058.051193633952,236.7432969230769,High Risk,Targeted Re-engagement
RK-19300,1460.192,3,2018-09-02,2016-07-20,486.73066666666665,774,119,1.4147286821705427,2065.775503875969,44.93955807751938,High Risk,Targeted Re-engagement
RL-19615,6234.91,8,2018-08-31,2015-12-05,779.36375,1000,121,2.9200000000000004,6827.22645,29.93455471,Medium Risk,Engagement Campaign
RM-19375,1453.474,6,2018-01-19,2015-05-11,242.24566666666664,984,345,2.225609756097561,1617.432957317073,149.92041584756095,High Risk,Targeted Re-engagement
RM-19675,5979.0960000000005,5,2018-12-24,2015-11-14,1195.8192,1136,6,1.6065140845070425,5763.301161971831,-14.21780107746479,Low Risk,Maintain Relationship
RM-19750,98.35,1,2018-03-06,2018-03-06,98.35,1,299,1.0,295.04999999999995,139.44099,High Risk,Targeted Re-engagement
RO-19780,3815.478,7,2018-11-25,2016-05-12,545.0682857142857,927,35,2.756202804746494,4506.956213592232,-10.963419290183383,Low Risk,Maintain Relationship
RP-19270,954.6452,4,2017-08-21,2015-10-19,238.6613,672,496,2.1726190476190474,1555.560258928571,225.9626974720238,High Risk,Targeted Re-engagement
RP-19390,5153.084,12,2018-11-27,2015-05-24,429.4236666666666,1283,33,3.4138737334372564,4397.994528448948,-18.518336240062357,Low Risk,Maintain Relationship
RP-19855,2055.356,7,2018-12-02,2016-02-15,293.62228571428574,1021,28,2.502448579823702,2204.324015670911,-11.465350601371206,Low Risk,Maintain Relationship
RR-19315,615.932,2,2018-12-11,2017-11-14,307.966,392,19,1.862244897959184,1720.524336734694,-9.466553846938776,Low Risk,Maintain Relationship
RR-19525,3302.262,6,2018-07-13,2015-09-09,550.377,1038,170,2.109826589595376,3483.6000867052016,63.2050140867052,High Risk,Targeted Re-engagement
RS-19420,3221.29,5,2018-10-15,2015-08-05,644.258,1167,76,1.5638389031705229,3022.547172236504,21.75710153384747,Medium Risk,Engagement Campaign
RS-19765,4159.77,8,2018-11-24,2015-04-07,519.9712499999999,1327,36,2.2004521477015824,3432.515561416729,-4.69102458929917,Low Risk,Maintain Relationship
RS-19870,22.328,2,2018-12-11,2017-06-07,11.164,552,19,1.322463768115942,44.29195652173914,-3.73349607246377,Low Risk,Maintain Relationship
RW-19540,7397.401,7,2018-09-01,2016-02-03,1056.7715714285714,941,120,2.7151965993623803,8608.027731137088,31.126428460148777,Medium Risk,Engagement Campaign
RW-19630,3279.746,9,2018-10-02,2015-06-28,364.4162222222223,1192,89,2.7558724832214767,3012.853917785236,16.338704384228183,Medium Risk,Engagement Campaign
RW-19690,3495.646,5,2018-10-12,2017-05-30,699.1292000000001,500,79,3.65,7655.464740000002,1.4689070519999996,Medium Risk,Engagement Campaign
SA-20830,4767.3415,10,2018-10-28,2015-02-22,476.73415000000006,1344,63,2.7157738095238098,3884.106356026786,3.5654406335565443,Medium Risk,Engagement Campaign
SB-20170,1348.02,3,2018-06-12,2015-06-06,449.34,1102,201,0.9936479128856625,1339.4572595281306,90.29562941923774,High Risk,Targeted Re-engagement
SB-20185,6410.996,6,2018-06-25,2015-09-20,1068.4993333333334,1009,188,2.170465807730426,6957.423805748266,70.90385716154609,High Risk,Targeted Re-engagement
SB-20290,8057.891,7,2018-11-13,2015-05-09,1151.1272857142856,1284,47,1.9898753894081,6871.799567757007,2.2268861923676013,Medium Risk,Engagement Campaign
SC-20020,3362.9636,5,2016-11-10,2015-03-03,672.59272,618,780,2.953074433656958,5958.649097087378,359.2775258440129,High Risk,Targeted Re-engagement
SC-20050,4624.572,9,2018-11-20,2015-03-18,513.8413333333333,1343,40,2.446016381236039,3770.592956068503,-5.214282403574089,Low Risk,Maintain Relationship
SC-20095,14142.334,9,2018-01-15,2015-02-12,1571.3704444444445,1068,349,3.0758426966292136,14499.864915730335,140.84160005056182,High Risk,Immediate Retention Campaign
SC-20230,4371.9580000000005,4,2018-08-03,2017-06-06,1092.9895,423,149,3.451536643026005,11317.479929078016,37.72113758392435,Medium Risk,Engagement Campaign
SC-20260,3729.793,8,2018-06-26,2015-04-06,466.224125,1177,187,2.4808836023789294,3469.943360237892,67.99717530416312,High Risk,Targeted Re-engagement
SC-20305,3650.473,6,2018-12-01,2016-01-27,608.4121666666666,1039,29,2.107795957651588,3847.2261164581328,-7.347404799807506,Low Risk,Maintain Relationship
SC-20380,5992.536,9,2018-11-30,2015-03-01,665.8373333333334,1370,30,2.397810218978102,4789.654686131387,-9.936033127007295,Low Risk,Maintain Relationship
SC-20440,1874.998,7,2018-11-24,2016-08-17,267.8568571428572,829,36,3.0820265379975877,2476.625826296743,-13.31559054523522,Low Risk,Maintain Relationship
SC-20575,799.798,4,2018-09-29,2015-06-16,199.9495,1201,92,1.215653621981682,729.208001665279,33.69762217985012,Medium Risk,Engagement Campaign
SC-20680,1254.64,6,2018-08-26,2015-11-21,209.10666666666668,1009,126,2.170465807730426,1361.576610505451,41.02302660059465,Medium Risk,Engagement Campaign
SC-20695,2576.408,10,2018-10-02,2015-12-16,257.6408,1021,89,3.5749265426052887,2763.1408031341825,8.198106413320277,Medium Risk,Engagement Campaign
SC-20725,5226.21,11,2018-06-26,2015-06-03,475.11,1119,187,3.588025022341376,5114.1197050938335,56.59692583556748,High Risk,Targeted Re-engagement
SC-20770,4492.657,7,2018-11-19,2016-06-20,641.8081428571429,882,41,2.8968253968253967,5577.618384353742,-9.583777645124716,Low Risk,Maintain Relationship
SC-20800,279.25600000000003,4,2018-11-30,2016-12-11,69.81400000000001,719,30,2.030598052851182,425.29251738525727,-5.391039031988872,Low Risk,Maintain Relationship
SC-20845,14.112,1,2017-11-11,2017-11-11,14.112,1,414,1.0,42.336,196.9915328,High Risk,Targeted Re-engagement
SD-20485,6121.114,9,2018-06-13,2015-01-26,680.1237777777777,1234,200,2.662074554294976,5431.620607779579,72.29293033549433,High Risk,Targeted Re-engagement
SE-20110,12209.438000000002,11,2018-12-21,2015-04-11,1109.9489090909092,1350,9,2.974074074074074,9903.21082222222,-27.221382905185184,Low Risk,Maintain Relationship
SF-20065,763.5459999999999,7,2018-11-01,2015-09-10,109.078,1148,59,2.225609756097561,728.2951829268293,7.098243402439023,Medium Risk,Engagement Campaign
SF-20200,3422.786,9,2018-11-01,2015-12-23,380.3095555555555,1044,59,3.146551724137931,3589.9910632183905,-2.683515454022988,Low Risk,Maintain Relationship
SF-20965,3336.535,9,2018-11-12,2015-10-21,370.7261111111111,1118,48,2.9382826475849733,3267.894297853309,-6.036405335420395,Low Risk,Maintain Relationship
SG-20080,3406.581,3,2018-12-22,2016-10-31,1135.5269999999998,782,8,1.4002557544757035,4770.084648337595,-10.956574474424556,Low Risk,Maintain Relationship
SG-20470,1884.798,8,2018-06-30,2015-07-26,235.59975,1070,183,2.7289719626168223,1928.835336448598,63.82451330654206,High Risk,Targeted Re-engagement
SG-20605,3118.892,5,2018-09-13,2015-11-03,623.7783999999999,1045,108,1.7464114832535886,3268.121282296651,35.882260911004785,Medium Risk,Engagement Campaign
SG-20890,47.946,3,2018-05-18,2015-03-30,15.982,1145,226,0.9563318777292577,45.85228820960699,103.4275107650655,High Risk,Targeted Re-engagement
SH-19975,2465.6595,12,2018-12-01,2015-12-10,205.471625,1087,29,4.029438822447102,2483.806028058877,-26.2911494300828,Low Risk,Maintain Relationship
SH-20395,2180.718,10,2018-12-07,2015-11-02,218.0718,1131,23,3.227232537577365,2111.3052254641907,-21.194586420866493,Low Risk,Maintain Relationship
SH-20635,2096.392,2,2016-11-26,2015-12-16,1048.196,346,764,2.0,6289.176,360.7421648,High Risk,Targeted Re-engagement
SJ-20125,3949.656,12,2018-09-26,2016-09-22,329.138,734,95,5.967302452316076,5892.1979836512255,-13.351464119891007,Low Risk,Maintain Relationship
SJ-20215,1341.036,6,2018-12-01,2016-02-09,223.506,1026,29,2.134502923976608,1431.2226315789474,-7.13127376608187,Low Risk,Maintain Relationship
SJ-20500,1318.776,5,2018-04-21,2015-08-31,263.7552,964,253,1.8931535269709543,1497.9872614107885,107.2688672780083,High Risk,Targeted Re-engagement
SK-19990,883.409,3,2018-12-22,2017-11-28,294.4696666666667,389,8,2.814910025706941,2486.716850899743,-24.646443627249354,Low Risk,Maintain Relationship
SL-20155,3046.532,6,2018-10-21,2015-09-21,507.7553333333333,1126,70,1.9449378330373,2962.657673179396,14.95809013499112,Medium Risk,Engagement Campaign
SM-20005,244.494,4,2017-11-04,2015-11-23,61.12349999999999,712,421,2.050561797752809,376.01254213483145,189.9191795140449,High Risk,Targeted Re-engagement
SM-20320,25043.05,5,2018-10-12,2015-03-18,5008.61,1304,79,1.3995398773006136,21029.24827453988,21.298751572085887,Medium Risk,Engagement Campaign
SM-20905,1043.041,1,2017-05-03,2017-05-03,1043.041,1,606,1.0,3129.123,292.3741754,High Risk,Targeted Re-engagement
SM-20950,4464.862,11,2018-12-05,2015-09-29,405.8965454545455,1163,25,3.452278589853826,4203.803860705073,-22.863546670679277,Low Risk,Maintain Relationship
SN-20560,1860.418,6,2018-09-10,2016-06-18,310.06966666666665,814,111,2.69041769041769,2502.65074938575,28.095292945945943,Medium Risk,Engagement Campaign
SN-20710,3127.9592,7,2018-10-12,2015-05-06,446.85131428571424,1255,79,2.0358565737051797,2729.1755569721117,18.595599151553788,Medium Risk,Engagement Campaign
SO-20335,2602.5755,6,2018-12-01,2016-10-11,433.7625833333333,781,29,2.8040973111395644,3648.937480793854,-14.270760607554417,Low Risk,Maintain Relationship
SP-20545,1306.086,6,2018-02-06,2015-10-13,217.681,847,327,2.5855962219598583,1688.5055135773318,137.30633667768595,High Risk,Targeted Re-engagement
SP-20620,5440.319,9,2018-11-13,2015-09-08,604.4798888888889,1162,47,2.8270223752151464,5126.634513769364,-5.795550654905339,Low Risk,Maintain Relationship
SP-20650,1872.436,9,2017-12-09,2015-04-16,208.04844444444447,968,386,3.393595041322314,2118.096508264463,158.64043028512395,High Risk,Targeted Re-engagement
SP-20860,4282.94,10,2018-10-12,2015-12-15,428.294,1032,79,3.5368217054263567,4544.398546511628,3.222903236434107,Medium Risk,Engagement Campaign
SP-20920,3990.689,6,2018-10-21,2015-11-22,665.1148333333333,1064,70,2.058270676691729,4106.95907424812,13.595901418233083,Medium Risk,Engagement Campaign
SR-20425,3233.481,5,2018-12-22,2015-06-14,646.6962000000001,1287,8,1.418026418026418,2751.0968881118883,-10.730483557886558,Low Risk,Maintain Relationship
SR-20740,4345.886,8,2018-06-17,2015-02-20,543.2357499999999,1213,196,2.407254740313273,3923.120502885408,73.14282849629019,High Risk,Targeted Re-engagement
SS-20140,1324.028,8,2018-12-15,2015-11-23,165.5035,1118,15,2.6118067978533093,1296.7894991055457,-18.8774258783542,Low Risk,Maintain Relationship
SS-20410,3056.807,6,2018-09-11,2015-05-30,509.4678333333334,1200,110,1.825,2789.3363875000005,36.1921327225,Medium Risk,Engagement Campaign
SS-20515,613.4,3,2017-08-26,2015-07-14,204.46666666666667,774,491,1.4147286821705427,867.7945736434108,231.1791542635659,High Risk,Targeted Re-engagement
SS-20590,418.49,6,2017-10-24,2015-08-05,69.74833333333333,811,432,2.7003699136868065,565.0389025893958,188.88329308261405,High Risk,Targeted Re-engagement
SS-20875,964.636,5,2018-09-01,2015-12-14,192.9272,992,120,1.839717741935484,1064.7947782258066,41.389863625,High Risk,Targeted Re-engagement
ST-20530,433.34,7,2018-08-27,2015-02-14,61.90571428571429,1290,125,1.98062015503876,367.8351162790698,42.62023142635659,High Risk,Targeted Re-engagement
SU-20665,2595.364,7,2018-12-10,2016-12-05,370.76628571428574,735,20,3.4761904761904763,3866.5626938775513,-25.53521730068027,Low Risk,Maintain Relationship
SV-20365,11470.95,10,2018-09-20,2015-01-11,1147.0949999999998,1348,101,2.707715133531157,9318.019473293769,21.55924477002968,Medium Risk,Engagement Campaign
SV-20785,4105.305,9,2018-02-13,2015-04-12,456.145,1038,320,3.164739884393064,4330.740823699422,127.48645299132949,High Risk,Targeted Re-engagement
SV-20815,1271.09,4,2018-10-15,2016-05-04,317.77250000000004,894,76,1.633109619686801,1556.871979865772,21.35752940715884,Medium Risk,Engagement Campaign
SV-20935,1903.491,8,2018-12-28,2017-03-19,237.936375,649,2,4.499229583975347,3211.5911325115567,-44.63461406625578,Low Risk,Maintain Relationship
SW-20245,1085.078,7,2018-10-10,2015-07-20,155.01114285714286,1178,81,2.16893039049236,1008.6251358234296,18.608971067911718,Medium Risk,Engagement Campaign
SW-20275,1966.65,6,2018-11-30,2015-03-10,327.77500000000003,1361,30,1.609110947832476,1582.2790227773696,-1.4075652828802343,Low Risk,Maintain Relationship
SW-20350,1019.044,3,2018-07-21,2017-04-09,339.6813333333333,468,162,2.339743589743589,2384.3016666666663,57.12570376923077,High Risk,Targeted Re-engagement
SW-20455,2835.564,6,2018-07-21,2016-06-22,472.594,759,162,2.8853754940711465,4090.8334387351774,51.32807837154149,High Risk,Targeted Re-engagement
SW-20755,758.6959999999999,2,2017-07-14,2015-11-02,379.348,620,534,1.1774193548387095,1339.9550322580644,254.9578154451613,High Risk,Targeted Re-engagement
SZ-20035,3625.329,11,2018-11-25,2015-09-07,329.57536363636365,1175,35,3.4170212765957446,3378.498089361702,-17.345912383829784,Low Risk,Maintain Relationship
TA-21385,14595.62,4,2018-10-22,2015-09-12,3648.905,1136,69,1.2852112676056338,14068.841461267606,18.834119031690143,Medium Risk,Engagement Campaign
TB-21055,1451.361,4,2018-09-02,2017-06-17,362.84025,442,119,3.30316742081448,3595.566278280543,25.74921253619909,Medium Risk,Engagement Campaign
TB-21175,3589.296,4,2018-11-02,2015-12-08,897.324,1060,58,1.3773584905660377,3707.8104905660375,14.484852996226415,Medium Risk,Engagement Campaign
TB-21190,816.1740000000001,4,2018-11-11,2015-12-27,204.0435,1050,49,1.3904761904761904,851.1528857142857,10.42500751809524,Medium Risk,Engagement Campaign
TB-21250,1602.376,7,2018-01-15,2015-12-08,228.91085714285717,769,349,3.322496749024708,2281.666736020806,140.81869916254877,High Risk,Targeted Re-engagement
TB-21280,2198.45,6,2017-05-26,2015-06-21,366.4083333333333,705,583,3.1063829787234045,3414.613829787234,259.7532474468085,High Risk,Targeted Re-engagement
TB-21355,834.328,5,2018-08-06,2017-01-25,166.8656,558,146,3.270609318996416,1637.2565591397847,39.966455498207885,Medium Risk,Engagement Campaign
TB-21400,9108.742,6,2018-06-11,2015-02-03,1518.1236666666666,1224,202,1.78921568627451,8148.752034313726,81.47809273039216,High Risk,Targeted Re-engagement
TB-21520,4737.486,9,2018-09-14,2015-10-17,526.3873333333333,1063,107,3.0903104421448733,4880.100818438383,21.620875414863598,Medium Risk,Engagement Campaign
TB-21595,1240.871,4,2018-03-20,2015-02-18,310.21775,1126,285,1.2966252220248669,1206.708476909414,129.29240608436945,High Risk,Targeted Re-engagement
TB-21625,2797.668,9,2018-11-30,2015-08-06,310.85200000000003,1212,30,2.7103960396039604,2527.596089108911,-12.609479613861383,Low Risk,Maintain Relationship
TC-20980,19052.218,5,2017-11-26,2015-11-07,3810.4436,750,399,2.433333333333333,27816.23828,169.60341901066667,High Risk,Immediate Retention Campaign
TC-21145,1038.26,1,2018-09-15,2018-09-15,1038.26,1,106,1.0,3114.78,42.377044,High Risk,Targeted Re-engagement
TC-21295,4266.812,8,2018-12-03,2015-10-14,533.3515,1146,27,2.5479930191972078,4076.927696335078,-12.79531573123909,Low Risk,Maintain Relationship
TC-21475,1244.976,9,2018-07-30,2015-11-22,138.33066666666667,981,153,3.348623853211009,1389.652110091743,42.73583104587157,High Risk,Targeted Re-engagement
TC-21535,742.5580000000001,7,2018-12-26,2015-11-03,106.0797142857143,1149,4,2.2236727589208005,707.6597127937338,-20.37825953176675,Low Risk,Maintain Relationship
TD-20995,1434.5480000000002,9,2018-11-23,2015-05-19,159.39422222222225,1284,37,2.5584112149532707,1223.3878971962615,-7.32878972897196,Low Risk,Maintain Relationship
TG-21310,3058.372,5,2018-01-27,2016-03-09,611.6744,689,337,2.6487663280116114,4860.5476632801165,141.04022718722786,High Risk,Targeted Re-engagement
TG-21640,2074.661,4,2018-09-07,2015-03-31,518.66525,1256,114,1.1624203821656052,1808.7211743630576,45.01405194347134,High Risk,Targeted Re-engagement
TH-21100,2422.824,5,2018-01-20,2015-09-27,484.5648,846,344,2.157210401891253,3135.9246808510634,149.80071104491728,High Risk,Targeted Re-engagement
TH-21115,2942.772,4,2018-11-02,2015-09-23,735.693,1136,58,1.2852112676056338,2836.5627992957743,15.58057476408451,Medium Risk,Engagement Campaign
TH-21235,1022.201,8,2018-09-04,2015-11-04,127.775125,1035,117,2.821256038647343,1081.4590289855073,30.071147807729467,Medium Risk,Engagement Campaign
TH-21550,4234.0960000000005,7,2018-10-19,2015-04-05,604.8708571428572,1293,72,1.9760247486465583,3585.719350348028,15.52260864346481,Medium Risk,Engagement Campaign
TM-21010,2819.026,7,2018-09-18,2015-02-21,402.718,1305,103,1.957854406130268,2365.3896321839075,31.448378012260537,Medium Risk,Engagement Campaign
TM-21490,1094.678,3,2018-08-22,2018-03-30,364.8926666666666,145,130,3.0,3284.034,34.3431932,Medium Risk,Engagement Campaign
TN-21040,3130.221,7,2018-10-01,2015-10-10,447.17442857142856,1087,90,2.350505979760809,3153.258505059797,20.864288501379946,Medium Risk,Engagement Campaign
TP-21130,4454.0560000000005,9,2018-12-22,2016-04-14,494.8951111111112,982,8,3.345213849287169,4966.589938900204,-30.44545648065173,Low Risk,Maintain Relationship
TP-21415,5329.0048,5,2018-09-17,2016-11-28,1065.80096,658,104,2.7735562310030395,8868.176680851066,22.490802353799392,Medium Risk,Engagement Campaign
TP-21565,1936.64,4,2018-01-14,2016-03-01,484.16,684,350,2.134502923976608,3100.322807017544,153.0349061988304,High Risk,Targeted Re-engagement
TR-21325,675.9419999999999,5,2018-06-20,2015-12-01,135.18839999999997,932,193,1.958154506437768,794.1593240343345,76.75962307081545,High Risk,Targeted Re-engagement
TS-21085,4.833,2,2018-01-07,2016-07-19,2.4165,537,357,1.3594040968342644,9.855,164.90398803165735,High Risk,Targeted Re-engagement
TS-21160,2163.6240000000003,6,2017-08-13,2015-04-23,360.604,843,504,2.597864768683274,2810.40128113879,225.4592720569395,High Risk,Targeted Re-engagement
TS-21205,5371.09,7,2018-06-15,2015-03-21,767.2985714285714,1182,198,2.161590524534687,4975.7559644670055,76.38894356175972,High Risk,Targeted Re-engagement
TS-21340,974.782,5,2018-05-18,2015-01-19,194.9564,1215,226,1.5020576131687242,878.5072345679012,97.80372242139916,High Risk,Targeted Re-engagement
TS-21370,11891.751,6,2018-11-24,2015-10-28,1981.9585,1123,36,1.95013357079252,11595.25142030276,-3.820385991985753,Low Risk,Maintain Relationship
TS-21430,2054.14,5,2018-07-11,2015-07-30,410.828,1077,172,1.6945218198700094,2088.4710306406687,68.63708759517178,High Risk,Targeted Re-engagement
TS-21505,2243.274,6,2018-12-19,2015-12-20,373.879,1095,11,2.0,2243.274,-14.9486548,Low Risk,Maintain Relationship
TS-21610,2820.424,7,2018-11-05,2015-08-16,402.9177142857143,1177,55,2.170773152081563,2623.928870008496,5.2674827051826725,Medium Risk,Engagement Campaign
TS-21655,3368.094,5,2018-05-06,2016-02-06,673.6188,820,238,2.225609756097561,4497.637719512195,95.84437489512196,High Risk,Targeted Re-engagement
TT-21070,4915.602,7,2018-11-29,2015-05-18,702.2288571428571,1291,31,1.979085979860573,4169.313857474825,-5.124722570100696,Low Risk,Maintain Relationship
TT-21220,1427.044,8,2018-06-30,2015-09-23,178.38049999999998,1011,183,2.888229475766568,1545.6114540059348,62.30858295153314,High Risk,Targeted Re-engagement
TT-21265,439.5,3,2017-11-19,2016-08-15,146.5,461,406,2.3752711496746204,1043.9316702819956,179.0385021691974,High Risk,Targeted Re-engagement
TT-21460,5364.808,7,2018-12-18,2016-12-08,766.4011428571429,740,12,3.452702702702702,7938.465891891892,-30.114720205405405,Low Risk,Maintain Relationship
TW-21025,5278.826,7,2018-10-27,2015-12-22,754.118,1040,64,2.456730769230769,5557.994682692308,6.321093371153845,Medium Risk,Engagement Campaign
TZ-21580,1707.286,4,2018-11-25,2015-11-11,426.8215,1110,35,1.3153153153153152,1684.2145675675674,4.010003933333334,Medium Risk,Engagement Campaign
VB-21745,2005.596,6,2018-11-06,2016-07-17,334.266,842,54,2.6009501187648456,2608.22757719715,0.4688532969121129,Medium Risk,Engagement Campaign
VD-21670,6442.254,6,2017-05-28,2015-08-04,1073.709,663,581,3.30316742081448,10639.921764705883,255.340341438914,High Risk,Immediate Retention Campaign
VF-21715,847.944,5,2018-12-17,2015-03-01,169.5888,1387,13,1.3157894736842106,669.4294736842105,-6.791780631578948,Low Risk,Maintain Relationship
VG-21790,846.01,6,2018-07-29,2015-08-08,141.0016666666667,1086,154,2.016574585635359,853.0211325966852,56.66364991712707,High Risk,Targeted Re-engagement
VG-21805,418.432,4,2017-08-26,2015-09-22,104.608,704,491,2.073863636363636,650.8281818181817,224.631198,High Risk,Targeted Re-engagement
VM-21685,2454.866,7,2018-11-06,2015-04-07,350.69514285714286,1309,54,1.9518716577540107,2053.535729564553,7.070576276546982,Medium Risk,Engagement Campaign
VM-21835,380.69,5,2018-09-04,2015-03-22,76.138,1262,117,1.4461172741679875,330.31343106180674,43.97276457210776,High Risk,Targeted Re-engagement
VP-21730,993.902,3,2018-11-30,2016-07-05,331.30066666666664,878,30,1.2471526195899771,1239.5474829157174,2.2805643075170847,Medium Risk,Engagement Campaign
VP-21760,3360.526,7,2018-10-16,2015-09-06,480.0751428571429,1136,75,2.249119718309859,3239.239410211268,14.360954934859157,Medium Risk,Engagement Campaign
VS-21820,1055.981,4,2018-05-23,2015-01-07,263.99525,1232,221,1.1850649350649352,938.554541396104,98.46163974107144,High Risk,Targeted Re-engagement
VT-21700,1736.596,2,2016-04-05,2015-06-06,868.298,304,999,2.0,5209.7880000000005,478.4580424,High Risk,Targeted Re-engagement
VW-21775,6134.0380000000005,10,2018-12-02,2015-05-11,613.4038,1301,28,2.805534204458109,5162.776026133744,-15.087897249807838,Low Risk,Maintain Relationship
WB-21850,6129.71,10,2018-12-10,2015-11-04,612.971,1132,20,3.224381625441696,5929.357287985866,-23.42968771201413,Low Risk,Maintain Relationship
XP-21865,2374.658,11,2018-11-17,2015-01-20,215.878,1397,43,2.8740157480314963,1861.31031496063,-7.612419543307089,Low Risk,Maintain Relationship
YC-21895,5454.35,5,2018-12-26,2015-11-17,1090.87,1135,4,1.6079295154185025,5262.126211453745,-15.131720396475773,Low Risk,Maintain Relationship
YS-21880,6720.444,8,2018-12-21,2016-01-12,840.0554999999999,1074,9,2.718808193668529,6851.849329608938,-24.05845180260708,Low Risk,Maintain Relationship
ZC-21910,8025.707,13,2018-11-06,2015-10-13,617.362076923077,1120,54,4.236607142857143,7846.561754464287,-16.93538377946429,Low Risk,Maintain Relationship
ZD-21925,1493.944,5,2018-06-11,2015-08-27,298.7888,1019,202,1.790971540726202,1605.3667124631993,82.76921125024535,High Risk,Targeted Re-engagement
